anomes_scoragem,anomesdia_scoragem,datetime_sdoragem,unnamed:_0,age,sex,job,housing,saving_accounts,checking_account,credit_amount,duration,purpose,risk,model_score,score_bin
202009,20200914,,0,67,male,2,own,,little,1169,6,radio/TV,good,0.24857384878655173,Faixa 8
202009,20200914,,1,22,female,2,own,little,moderate,5951,48,radio/TV,bad,0.552658195697343,Faixa 2
202009,20200914,,2,49,male,1,own,little,,2096,12,education,good,0.2123949571220218,Faixa 10
202009,20200914,,3,45,male,2,free,little,little,7882,42,furniture/equipment,good,0.5602717153980162,Faixa 2
202009,20200914,,4,53,male,2,free,little,little,4870,24,car,bad,0.5668032139285357,Faixa 2
202009,20200914,,5,35,male,1,free,,,9055,36,education,good,0.26214300454135275,Faixa 8
202009,20200914,,6,53,male,2,own,quite rich,,2835,24,furniture/equipment,good,0.2082161918269297,Faixa 10
202009,20200914,,7,35,male,3,rent,little,moderate,6948,36,car,good,0.4690215351208807,Faixa 3
202009,20200914,,8,61,male,1,own,rich,,3059,12,radio/TV,good,0.18017619953441277,Faixa 10
202009,20200914,,9,28,male,3,own,little,moderate,5234,30,car,bad,0.5486376021280941,Faixa 2
202009,20200914,,10,25,female,2,rent,little,moderate,1295,12,car,bad,0.5807270898813287,Faixa 2
202009,20200914,,11,24,female,2,rent,little,little,4308,48,business,bad,0.6555913364958877,Faixa 1
202009,20200914,,12,22,female,2,own,little,moderate,1567,12,radio/TV,good,0.4218943693367327,Faixa 4
202009,20200914,,13,60,male,1,own,little,little,1199,24,car,bad,0.5974707548074497,Faixa 1
202009,20200914,,14,28,female,2,rent,little,little,1403,15,car,good,0.4458409617930863,Faixa 4
202009,20200914,,15,32,female,1,own,moderate,little,1282,24,radio/TV,bad,0.6369241912134622,Faixa 1
202009,20200914,,16,53,male,2,own,,,2424,24,radio/TV,good,0.2145377134677791,Faixa 10
202009,20200914,,17,25,male,2,own,,little,8072,30,business,good,0.44207463328934654,Faixa 4
202009,20200914,,18,44,female,3,free,little,moderate,12579,24,car,bad,0.6436357261752583,Faixa 1
202009,20200914,,19,31,male,2,own,quite rich,,3430,24,radio/TV,good,0.22888048459874555,Faixa 9
202009,20200914,,20,48,male,2,own,little,,2134,9,car,good,0.17955006702204063,Faixa 10
202009,20200914,,21,44,male,2,rent,quite rich,little,2647,6,radio/TV,good,0.2904657889986258,Faixa 7
202009,20200914,,22,48,male,1,rent,little,little,2241,10,car,good,0.3025708197807049,Faixa 7
202009,20200914,,23,44,male,2,own,moderate,moderate,1804,12,car,good,0.3392965659032704,Faixa 6
202009,20200914,,24,26,male,2,own,,,2069,10,furniture/equipment,good,0.22328756343152373,Faixa 9
202009,20200914,,25,36,male,1,own,little,little,1374,6,furniture/equipment,good,0.25496718144876745,Faixa 8
202009,20200914,,26,39,male,1,own,little,,426,6,radio/TV,good,0.19577279829299407,Faixa 10
202009,20200914,,27,42,female,2,rent,rich,rich,409,12,radio/TV,good,0.3195762636511547,Faixa 6
202009,20200914,,28,34,male,2,own,little,moderate,2415,7,radio/TV,good,0.252250435533605,Faixa 8
202009,20200914,,29,63,male,2,own,little,little,6836,60,business,bad,0.5617644930976428,Faixa 2
202009,20200914,,30,36,male,2,own,rich,moderate,1913,18,business,good,0.34399710715172954,Faixa 6
202009,20200914,,31,27,male,2,own,little,little,4020,24,furniture/equipment,good,0.5044229810442551,Faixa 3
202009,20200914,,32,30,male,2,own,moderate,moderate,5866,18,car,good,0.33345818916936015,Faixa 6
202009,20200914,,33,57,male,1,rent,,,1264,12,business,good,0.23403048191589915,Faixa 9
202009,20200914,,34,33,female,3,own,little,rich,1474,12,furniture/equipment,good,0.3829542740801213,Faixa 5
202009,20200914,,35,25,male,1,own,little,moderate,4746,45,radio/TV,bad,0.6520748154835198,Faixa 1
202009,20200914,,36,31,male,2,free,little,,6110,48,education,good,0.2996959503808222,Faixa 7
202009,20200914,,37,37,male,2,own,little,rich,2100,18,radio/TV,bad,0.41282551879989493,Faixa 4
202009,20200914,,38,37,male,2,own,little,rich,1225,10,domestic appliances,good,0.31572170083767975,Faixa 6
202009,20200914,,39,24,male,2,own,little,moderate,458,9,radio/TV,good,0.38265944063332386,Faixa 5
202009,20200914,,40,30,male,3,own,quite rich,,2333,30,radio/TV,good,0.2406403141991678,Faixa 9
202009,20200914,,41,26,male,2,own,quite rich,moderate,1158,12,radio/TV,good,0.3662245154767261,Faixa 5
202009,20200914,,42,44,male,1,own,little,moderate,6204,18,repairs,good,0.38325290460490147,Faixa 5
202009,20200914,,43,24,male,2,rent,moderate,little,6187,30,car,good,0.47705111220295826,Faixa 3
202009,20200914,,44,58,female,1,free,little,little,6143,48,car,bad,0.599381403333706,Faixa 1
202009,20200914,,45,35,female,3,own,little,,1393,11,car,good,0.21137445846192673,Faixa 10
202009,20200914,,46,39,male,2,own,quite rich,,2299,36,radio/TV,good,0.23939300679474593,Faixa 9
202009,20200914,,47,23,female,0,rent,quite rich,little,1352,6,car,good,0.35948115290965327,Faixa 6
202009,20200914,,48,39,male,1,own,little,,7228,11,car,good,0.30289339244872465,Faixa 7
202009,20200914,,49,28,female,2,own,moderate,,2073,12,radio/TV,good,0.24943012906153386,Faixa 8
202009,20200914,,50,29,male,1,own,,moderate,2333,24,furniture/equipment,good,0.3132949964814189,Faixa 7
202009,20200914,,51,30,male,3,own,little,moderate,5965,27,car,good,0.40891009737897555,Faixa 5
202009,20200914,,52,25,male,2,own,little,,1262,12,radio/TV,good,0.2575652587198612,Faixa 8
202009,20200914,,53,31,male,2,own,,,3378,18,car,good,0.21978892292598193,Faixa 9
202009,20200914,,54,57,male,2,free,little,moderate,2225,36,car,bad,0.5939465510300472,Faixa 2
202009,20200914,,55,26,male,1,own,,,783,6,car,good,0.2265129930322837,Faixa 9
202009,20200914,,56,52,male,3,own,,moderate,6468,12,radio/TV,bad,0.44328658885597727,Faixa 4
202009,20200914,,57,31,female,2,own,little,,9566,36,radio/TV,good,0.36871469203618357,Faixa 5
202009,20200914,,58,23,female,3,own,little,rich,1961,18,car,good,0.39440584637323584,Faixa 5
202009,20200914,,59,23,female,1,rent,little,little,6229,36,furniture/equipment,bad,0.5480260332869933,Faixa 2
202009,20200914,,60,27,male,2,own,little,moderate,1391,9,business,good,0.3430075598645588,Faixa 6
202009,20200914,,61,50,male,2,own,,moderate,1537,15,radio/TV,good,0.30158861979856944,Faixa 7
202009,20200914,,62,61,male,3,free,little,moderate,1953,36,business,bad,0.6122417648361657,Faixa 1
202009,20200914,,63,25,male,2,own,little,moderate,14421,48,business,bad,0.6351653736749022,Faixa 1
202009,20200914,,64,26,female,2,own,little,,3181,24,radio/TV,good,0.25039392472226746,Faixa 8
202009,20200914,,65,48,male,2,own,,,5190,27,repairs,good,0.22393433035211177,Faixa 9
202009,20200914,,66,29,female,2,own,little,,2171,12,radio/TV,good,0.24218132406431064,Faixa 9
202009,20200914,,67,22,male,2,own,rich,moderate,1007,12,car,good,0.4043937964843452,Faixa 5
202009,20200914,,68,37,male,2,free,little,,1819,36,education,bad,0.31286814796741375,Faixa 7
202009,20200914,,69,25,female,2,own,,,2394,36,radio/TV,good,0.27765094008421554,Faixa 7
202009,20200914,,70,30,female,2,own,little,,8133,36,car,good,0.3809131101039265,Faixa 5
202009,20200914,,71,46,male,1,rent,,,730,7,radio/TV,good,0.18636107061241888,Faixa 10
202009,20200914,,72,51,male,3,free,little,little,1164,8,vacation/others,good,0.31185892249411734,Faixa 7
202009,20200914,,73,41,female,1,own,little,moderate,5954,42,business,good,0.48240933583215895,Faixa 3
202009,20200914,,74,40,male,3,own,,little,1977,36,education,bad,0.49917362476178195,Faixa 3
202009,20200914,,75,66,male,3,free,little,little,1526,12,car,good,0.3589691754778153,Faixa 6
202009,20200914,,76,34,male,2,own,little,little,3965,42,radio/TV,bad,0.600087159486911,Faixa 1
202009,20200914,,77,51,male,2,own,little,moderate,4771,11,radio/TV,good,0.4077037081219092,Faixa 5
202009,20200914,,78,39,male,1,own,,,9436,54,car,good,0.23129954376638195,Faixa 9
202009,20200914,,79,22,male,2,own,little,moderate,3832,30,furniture/equipment,good,0.42481754970314595,Faixa 4
202009,20200914,,80,44,female,2,own,,,5943,24,radio/TV,bad,0.370366335988879,Faixa 5
202009,20200914,,81,47,male,2,own,quite rich,,1213,15,radio/TV,good,0.20144146828153062,Faixa 10
202009,20200914,,82,24,female,1,rent,moderate,,1568,18,business,good,0.3681477111453838,Faixa 5
202009,20200914,,83,58,female,1,own,little,little,1755,24,vacation/others,good,0.573559879392127,Faixa 2
202009,20200914,,84,52,male,1,own,little,little,2315,10,radio/TV,good,0.28250307339095926,Faixa 7
202009,20200914,,85,29,female,3,own,little,,1412,12,business,good,0.275450231122409,Faixa 7
202009,20200914,,86,27,female,2,own,little,moderate,1295,18,furniture/equipment,good,0.5469802584409391,Faixa 2
202009,20200914,,87,47,male,2,free,moderate,moderate,12612,36,education,bad,0.6057434664683101,Faixa 1
202009,20200914,,88,30,male,3,own,moderate,little,2249,18,car,good,0.39366479366729556,Faixa 5
202009,20200914,,89,28,male,2,own,little,little,1108,12,repairs,bad,0.5264284236441421,Faixa 3
202009,20200914,,90,56,male,2,own,little,,618,12,radio/TV,good,0.23022051402152727,Faixa 9
202009,20200914,,91,54,male,2,own,little,little,1409,12,car,good,0.38582020969509906,Faixa 5
202009,20200914,,92,33,female,1,own,,,797,12,radio/TV,bad,0.2992483883619808,Faixa 7
202009,20200914,,93,20,male,2,rent,,rich,3617,24,furniture/equipment,good,0.27131363767425215,Faixa 8
202009,20200914,,94,54,male,2,own,rich,moderate,1318,12,car,good,0.31990465651312194,Faixa 6
202009,20200914,,95,58,male,2,rent,little,moderate,15945,54,business,bad,0.6423505170786294,Faixa 1
202009,20200914,,96,61,female,2,own,,,2012,12,education,good,0.196672964407167,Faixa 10
202009,20200914,,97,34,male,2,own,moderate,moderate,2622,18,business,good,0.3346287533648325,Faixa 6
202009,20200914,,98,36,male,2,own,little,moderate,2337,36,radio/TV,good,0.5656897151912693,Faixa 2
202009,20200914,,99,36,male,3,rent,,moderate,7057,20,car,good,0.3733328174894948,Faixa 5
202009,20200914,,100,41,male,1,rent,moderate,,1469,24,car,good,0.24402999335128925,Faixa 9
202009,20200914,,101,24,male,2,rent,little,moderate,2323,36,radio/TV,good,0.5937213583411928,Faixa 2
202009,20200914,,102,24,female,2,own,little,,932,6,radio/TV,good,0.21945197220831436,Faixa 9
202009,20200914,,103,35,male,2,rent,little,moderate,1919,9,furniture/equipment,good,0.352100660296968,Faixa 6
202009,20200914,,104,26,male,2,rent,,,2445,12,car,good,0.22188962880374402,Faixa 9
202009,20200914,,105,39,male,3,own,little,moderate,11938,24,vacation/others,bad,0.6236612078457939,Faixa 1
202009,20200914,,106,39,male,3,own,little,,6458,18,car,bad,0.37930317214993153,Faixa 5
202009,20200914,,107,32,male,2,own,little,moderate,6078,12,car,good,0.41501753561268384,Faixa 4
202009,20200914,,108,30,female,2,own,,little,7721,24,furniture/equipment,good,0.44649224920010283,Faixa 4
202009,20200914,,109,35,male,2,own,quite rich,moderate,1410,14,business,good,0.33760182898438523,Faixa 6
202009,20200914,,110,31,male,2,own,moderate,moderate,1449,6,business,good,0.2720847452880664,Faixa 8
202009,20200914,,111,23,female,2,rent,little,rich,392,15,education,good,0.35039905728256654,Faixa 6
202009,20200914,,112,28,male,1,rent,little,moderate,6260,18,car,good,0.41439539558685834,Faixa 4
202009,20200914,,113,25,female,2,own,little,,7855,36,car,bad,0.46349073629690013,Faixa 4
202009,20200914,,114,35,male,2,own,quite rich,little,1680,12,radio/TV,good,0.37646939903488863,Faixa 5
202009,20200914,,115,47,male,2,own,,,3578,48,radio/TV,good,0.19299569311590486,Faixa 10
202009,20200914,,116,30,female,3,own,,little,7174,42,radio/TV,bad,0.47188391178153943,Faixa 3
202009,20200914,,117,27,female,2,rent,,little,2132,10,furniture/equipment,good,0.3810342881945692,Faixa 5
202009,20200914,,118,23,female,2,own,quite rich,little,4281,33,furniture/equipment,bad,0.5319663977397493,Faixa 3
202009,20200914,,119,36,male,3,own,quite rich,moderate,2366,12,car,good,0.3233164491390848,Faixa 6
202009,20200914,,120,25,female,2,own,little,little,1835,21,radio/TV,bad,0.6082216689892865,Faixa 1
202009,20200914,,121,41,female,3,rent,little,,3868,24,car,good,0.25022188611493323,Faixa 8
202009,20200914,,122,24,male,1,rent,little,,1768,12,furniture/equipment,good,0.28252202218948447,Faixa 7
202009,20200914,,123,63,male,2,free,little,rich,781,10,car,good,0.3700652446843265,Faixa 5
202009,20200914,,124,27,female,2,rent,,moderate,1924,18,furniture/equipment,bad,0.4379850400766233,Faixa 4
202009,20200914,,125,30,male,2,own,little,little,2121,12,car,good,0.39712314953172567,Faixa 5
202009,20200914,,126,40,male,1,own,little,little,701,12,radio/TV,good,0.604774578453012,Faixa 1
202009,20200914,,127,30,male,2,own,little,moderate,639,12,repairs,bad,0.577707173013534,Faixa 2
202009,20200914,,128,34,male,3,own,little,moderate,1860,12,car,good,0.40319454037854474,Faixa 5
202009,20200914,,129,29,female,2,own,little,little,3499,12,car,bad,0.45708113984281384,Faixa 4
202009,20200914,,130,24,female,2,own,,moderate,8487,48,car,good,0.3977835043872422,Faixa 5
202009,20200914,,131,29,male,2,own,little,little,6887,36,education,bad,0.5636527894453331,Faixa 2
202009,20200914,,132,27,male,1,own,little,,2708,15,furniture/equipment,good,0.22597813571651237,Faixa 9
202009,20200914,,133,47,male,2,free,little,,1984,18,furniture/equipment,good,0.27557242135978127,Faixa 7
202009,20200914,,134,21,female,2,own,moderate,,10144,60,radio/TV,good,0.38664401146833577,Faixa 5
202009,20200914,,135,38,female,2,own,,,1240,12,radio/TV,good,0.22497831172389068,Faixa 9
202009,20200914,,136,27,male,2,own,rich,,8613,27,car,good,0.3314950694291236,Faixa 6
202009,20200914,,137,66,male,1,own,quite rich,moderate,766,12,radio/TV,bad,0.40304751836926667,Faixa 5
202009,20200914,,138,35,male,2,own,,moderate,2728,15,radio/TV,good,0.2830000381345618,Faixa 7
202009,20200914,,139,44,female,1,rent,little,rich,1881,12,radio/TV,good,0.3496576261940351,Faixa 6
202009,20200914,,140,27,male,0,own,rich,rich,709,6,car,good,0.26507087085214365,Faixa 8
202009,20200914,,141,30,female,3,own,little,moderate,4795,36,radio/TV,good,0.5539124977799039,Faixa 2
202009,20200914,,142,27,male,3,own,little,little,3416,27,radio/TV,good,0.495176188132282,Faixa 3
202009,20200914,,143,22,male,2,own,little,little,2462,18,furniture/equipment,bad,0.5411571057565473,Faixa 2
202009,20200914,,144,23,female,2,own,little,,2288,21,furniture/equipment,good,0.33893161371326613,Faixa 6
202009,20200914,,145,30,male,2,own,moderate,moderate,3566,48,business,good,0.5789267730494218,Faixa 2
202009,20200914,,146,39,female,2,own,little,little,860,6,car,good,0.3014703907378223,Faixa 7
202009,20200914,,147,51,female,2,own,moderate,,682,12,car,good,0.23354109260255104,Faixa 9
202009,20200914,,148,28,male,2,own,little,little,5371,36,furniture/equipment,good,0.5538504036957647,Faixa 2
202009,20200914,,149,46,male,2,own,rich,,1582,18,radio/TV,good,0.2529269903990805,Faixa 8
202009,20200914,,150,42,male,2,free,moderate,,1346,6,radio/TV,good,0.1810327653282006,Faixa 10
202009,20200914,,151,38,male,2,own,little,,1924,10,radio/TV,good,0.20897964986268203,Faixa 10
202009,20200914,,152,24,male,2,own,little,rich,5848,36,radio/TV,good,0.36130099203467725,Faixa 6
202009,20200914,,153,29,female,2,rent,rich,moderate,7758,24,car,good,0.4038902694863106,Faixa 5
202009,20200914,,154,36,male,3,rent,moderate,moderate,6967,24,business,good,0.43772761495689266,Faixa 4
202009,20200914,,155,20,female,2,rent,little,little,1282,12,furniture/equipment,bad,0.5471362189191699,Faixa 2
202009,20200914,,156,48,male,2,own,moderate,little,1288,9,repairs,good,0.2963569102869158,Faixa 7
202009,20200914,,157,45,male,1,own,little,little,339,12,education,good,0.41623903797305345,Faixa 4
202009,20200914,,158,38,male,2,own,moderate,moderate,3512,24,car,good,0.34742392552163537,Faixa 6
202009,20200914,,159,34,male,1,own,,,1898,6,radio/TV,good,0.16357435173840829,Faixa 10
202009,20200914,,160,36,male,2,own,moderate,,2872,24,radio/TV,good,0.21353105655900464,Faixa 10
202009,20200914,,161,30,female,2,own,little,,1055,18,car,good,0.2804497625433513,Faixa 7
202009,20200914,,162,36,male,2,own,quite rich,,1262,15,domestic appliances,good,0.2222554681341983,Faixa 9
202009,20200914,,163,70,male,3,free,little,moderate,7308,10,car,good,0.45270204734931924,Faixa 4
202009,20200914,,164,36,male,2,own,quite rich,,909,36,car,good,0.23958004658183887,Faixa 9
202009,20200914,,165,32,male,2,own,quite rich,,2978,6,furniture/equipment,good,0.19566495027903286,Faixa 10
202009,20200914,,166,33,female,2,own,little,little,1131,18,furniture/equipment,bad,0.635320303398798,Faixa 1
202009,20200914,,167,20,female,2,own,rich,moderate,1577,11,furniture/equipment,good,0.3656698476379138,Faixa 5
202009,20200914,,168,25,female,2,rent,little,,3972,24,furniture/equipment,good,0.2980541693080537,Faixa 7
202009,20200914,,169,31,male,2,own,little,moderate,1935,24,business,bad,0.564428105848966,Faixa 2
202009,20200914,,170,33,male,2,rent,little,little,950,15,car,bad,0.5737084315709652,Faixa 2
202009,20200914,,171,26,female,2,own,little,,763,12,furniture/equipment,good,0.2772664380243211,Faixa 7
202009,20200914,,172,34,female,3,own,little,moderate,2064,24,furniture/equipment,bad,0.5584768038897654,Faixa 2
202009,20200914,,173,33,male,2,own,little,moderate,1414,8,radio/TV,good,0.3612711519828578,Faixa 6
202009,20200914,,174,26,male,2,own,little,little,3414,21,education,bad,0.5635039467673147,Faixa 2
202009,20200914,,175,53,female,3,own,,,7485,30,car,bad,0.39955140690549784,Faixa 5
202009,20200914,,176,42,male,2,own,little,little,2577,12,furniture/equipment,good,0.39808790362841606,Faixa 5
202009,20200914,,177,52,male,2,own,quite rich,little,338,6,radio/TV,good,0.26852948230344437,Faixa 8
202009,20200914,,178,31,male,3,rent,little,,1963,12,radio/TV,good,0.25124140634975445,Faixa 8
202009,20200914,,179,65,male,2,own,little,little,571,21,car,good,0.3943784054545193,Faixa 5
202009,20200914,,180,28,male,2,own,little,,9572,36,business,bad,0.4336797420216442,Faixa 4
202009,20200914,,181,30,male,3,own,little,moderate,4455,36,business,bad,0.5526188666549305,Faixa 2
202009,20200914,,182,40,male,1,own,,little,1647,21,car,bad,0.48852422846194904,Faixa 3
202009,20200914,,183,50,male,2,own,rich,,3777,24,furniture/equipment,good,0.19486365922212406,Faixa 10
202009,20200914,,184,36,male,2,own,little,moderate,884,18,car,bad,0.6013989537313409,Faixa 1
202009,20200914,,185,31,male,2,own,little,,1360,15,radio/TV,good,0.2353205829642984,Faixa 9
202009,20200914,,186,74,female,3,free,little,moderate,5129,9,car,bad,0.5201158693831602,Faixa 3
202009,20200914,,187,68,male,0,free,little,moderate,1175,16,car,good,0.475635585219808,Faixa 3
202009,20200914,,188,20,male,2,own,moderate,little,674,12,radio/TV,bad,0.6104316626465489,Faixa 1
202009,20200914,,189,33,female,2,own,little,moderate,3244,18,furniture/equipment,good,0.4020155222395725,Faixa 5
202009,20200914,,190,54,male,3,own,rich,,4591,24,business,bad,0.37334552736431365,Faixa 5
202009,20200914,,191,34,male,1,free,moderate,moderate,3844,48,business,bad,0.5282989999491123,Faixa 3
202009,20200914,,192,36,male,2,own,little,moderate,3915,27,business,bad,0.4907071640095933,Faixa 3
202009,20200914,,193,29,male,2,rent,little,,2108,6,radio/TV,good,0.20161105884953004,Faixa 10
202009,20200914,,194,21,male,2,rent,moderate,moderate,3031,45,radio/TV,bad,0.5948253838706771,Faixa 1
202009,20200914,,195,34,female,3,own,little,moderate,1501,9,education,bad,0.4548656405356965,Faixa 4
202009,20200914,,196,28,female,2,own,little,,1382,6,radio/TV,good,0.21188137975633156,Faixa 10
202009,20200914,,197,27,female,2,rent,moderate,moderate,951,12,furniture/equipment,bad,0.5363359147476904,Faixa 3
202009,20200914,,198,36,male,2,free,,moderate,2760,24,car,good,0.31428625312257463,Faixa 7
202009,20200914,,199,40,male,3,own,little,moderate,4297,18,furniture/equipment,bad,0.45921648732172354,Faixa 4
202009,20200914,,200,52,male,2,own,quite rich,,936,9,education,good,0.18768987232742912,Faixa 10
202009,20200914,,201,27,male,1,own,little,little,1168,12,car,good,0.4915619016582424,Faixa 3
202009,20200914,,202,26,male,2,own,little,,5117,27,business,good,0.29024944430847344,Faixa 7
202009,20200914,,203,21,male,2,rent,little,little,902,12,education,bad,0.6135896135928741,Faixa 1
202009,20200914,,204,38,male,1,own,little,,1495,12,car,good,0.23435679899003264,Faixa 9
202009,20200914,,205,38,male,3,free,little,little,10623,30,car,good,0.5385782478299281,Faixa 3
202009,20200914,,206,43,male,2,own,little,,1935,12,furniture/equipment,good,0.22680470023080307,Faixa 9
202009,20200914,,207,26,male,2,own,little,moderate,1424,12,domestic appliances,good,0.38346904462894615,Faixa 5
202009,20200914,,208,21,male,1,own,little,little,6568,24,business,good,0.4769908343517135,Faixa 3
202009,20200914,,209,55,male,2,own,rich,,1413,12,car,good,0.20686864172375266,Faixa 10
202009,20200914,,210,33,male,2,own,,,3074,9,radio/TV,good,0.17659574684079934,Faixa 10
202009,20200914,,211,45,female,1,own,,,3835,36,radio/TV,good,0.22125168032100578,Faixa 9
202009,20200914,,212,50,male,2,own,little,little,5293,27,business,bad,0.558270865248501,Faixa 2
202009,20200914,,213,66,male,3,own,little,rich,1908,30,business,bad,0.4878718841958824,Faixa 3
202009,20200914,,214,51,male,2,own,,,3342,36,radio/TV,good,0.1992952356607254,Faixa 10
202009,20200914,,215,39,female,1,own,,moderate,932,6,education,good,0.2468248608497177,Faixa 8
202009,20200914,,216,31,male,2,own,little,little,3104,18,business,good,0.4415355380187259,Faixa 4
202009,20200914,,217,23,male,2,own,little,rich,3913,36,radio/TV,good,0.42422349810404064,Faixa 4
202009,20200914,,218,24,male,1,rent,little,little,3021,24,furniture/equipment,good,0.5488259802528482,Faixa 2
202009,20200914,,219,64,female,2,own,little,,1364,10,car,good,0.19533476098153996,Faixa 10
202009,20200914,,220,26,male,1,own,little,moderate,625,12,radio/TV,good,0.558805679989475,Faixa 2
202009,20200914,,221,23,female,2,rent,,little,1200,12,education,good,0.4487579453571341,Faixa 4
202009,20200914,,222,30,male,2,own,little,,707,12,radio/TV,good,0.25979922867833244,Faixa 8
202009,20200914,,223,32,male,2,own,,,2978,24,business,good,0.23536941183792373,Faixa 9
202009,20200914,,224,30,male,2,own,little,,4657,15,car,good,0.31631401164178,Faixa 6
202009,20200914,,225,27,male,2,own,little,,2613,36,repairs,good,0.2557594446490929,Faixa 8
202009,20200914,,226,27,male,2,own,rich,moderate,10961,48,radio/TV,bad,0.5335730634287292,Faixa 3
202009,20200914,,227,53,male,3,free,little,little,7865,12,furniture/equipment,bad,0.5560542415538936,Faixa 2
202009,20200914,,228,22,male,2,own,little,,1478,9,radio/TV,bad,0.33222420787291246,Faixa 6
202009,20200914,,229,22,male,2,free,little,little,3149,24,furniture/equipment,good,0.5550938760516552,Faixa 2
202009,20200914,,230,26,male,2,own,little,rich,4210,36,radio/TV,bad,0.4946851235396997,Faixa 3
202009,20200914,,231,51,male,1,free,quite rich,,2507,9,car,good,0.19458228395690308,Faixa 10
202009,20200914,,232,35,male,2,own,moderate,,2141,12,radio/TV,good,0.2026329625738085,Faixa 10
202009,20200914,,233,25,male,1,own,little,moderate,866,18,radio/TV,good,0.5951671520871873,Faixa 1
202009,20200914,,234,42,male,1,own,little,,1544,4,radio/TV,good,0.1962967819925187,Faixa 10
202009,20200914,,235,30,male,3,own,little,little,1823,24,radio/TV,bad,0.598903387740643,Faixa 1
202009,20200914,,236,23,male,0,own,,moderate,14555,6,car,bad,0.42492613174930705,Faixa 4
202009,20200914,,237,61,male,1,rent,moderate,moderate,2767,21,business,bad,0.4461142819237387,Faixa 4
202009,20200914,,238,35,female,2,own,little,,1291,12,radio/TV,good,0.22123175158332742,Faixa 9
202009,20200914,,239,39,male,2,own,little,little,2522,30,radio/TV,good,0.6150790200069434,Faixa 1
202009,20200914,,240,29,female,2,own,,little,915,24,car,bad,0.5441721343573565,Faixa 2
202009,20200914,,241,51,male,2,own,little,,1595,6,radio/TV,good,0.15776485156570558,Faixa 10
202009,20200914,,242,24,male,2,free,little,little,4605,48,car,bad,0.6262027882333812,Faixa 1
202009,20200914,,243,27,female,2,own,little,,1185,12,business,good,0.2703673505261175,Faixa 8
202009,20200914,,244,35,female,1,own,quite rich,,3447,12,education,good,0.19740202638766102,Faixa 10
202009,20200914,,245,25,male,2,own,little,,1258,24,business,good,0.25444024755372485,Faixa 8
202009,20200914,,246,52,male,2,own,little,,717,12,radio/TV,good,0.2396288889509955,Faixa 9
202009,20200914,,247,35,male,2,rent,moderate,,1204,6,car,good,0.18547705045557147,Faixa 10
202009,20200914,,248,26,male,2,own,little,rich,1925,24,furniture/equipment,good,0.5589262464603083,Faixa 2
202009,20200914,,249,22,female,2,rent,little,,433,18,radio/TV,bad,0.4074802127226366,Faixa 5
202009,20200914,,250,39,female,1,own,rich,little,666,6,car,good,0.25572641767839605,Faixa 8
202009,20200914,,251,46,female,1,own,little,rich,2251,12,furniture/equipment,good,0.2694015090148968,Faixa 8
202009,20200914,,252,24,female,2,own,little,moderate,2150,30,car,bad,0.592438918878308,Faixa 2
202009,20200914,,253,35,male,2,own,moderate,,4151,24,furniture/equipment,good,0.25271202235964174,Faixa 8
202009,20200914,,254,24,male,2,own,,moderate,2030,9,furniture/equipment,good,0.32685415675710855,Faixa 6
202009,20200914,,255,27,male,1,own,,moderate,7418,60,radio/TV,good,0.35597735167840205,Faixa 6
202009,20200914,,256,35,male,1,own,little,,2684,24,radio/TV,good,0.23455908298310316,Faixa 9
202009,20200914,,257,29,male,2,free,little,little,2149,12,radio/TV,bad,0.4940752508635569,Faixa 3
202009,20200914,,258,23,female,2,own,moderate,,3812,15,car,good,0.2333913933167665,Faixa 9
202009,20200914,,259,57,female,1,own,moderate,,1154,11,radio/TV,good,0.209859543913172,Faixa 10
202009,20200914,,260,27,male,2,own,little,little,1657,12,furniture/equipment,good,0.4358432703116311,Faixa 4
202009,20200914,,261,55,female,2,own,little,little,1603,24,radio/TV,good,0.601453961723056,Faixa 1
202009,20200914,,262,36,male,3,free,little,little,5302,18,car,good,0.46357390179251573,Faixa 4
202009,20200914,,263,57,female,1,free,little,,2748,12,education,good,0.2131443522947319,Faixa 10
202009,20200914,,264,32,male,1,own,little,,1231,10,car,good,0.25438945553447734,Faixa 8
202009,20200914,,265,37,male,2,own,little,moderate,802,15,radio/TV,bad,0.5399437196210047,Faixa 2
202009,20200914,,266,36,male,2,own,,,6304,36,business,good,0.23397766004288978,Faixa 9
202009,20200914,,267,38,female,2,own,little,,1533,24,radio/TV,good,0.24488231297768476,Faixa 8
202009,20200914,,268,45,male,3,own,little,little,8978,14,car,bad,0.5864642061420279,Faixa 2
202009,20200914,,269,25,male,2,own,,,999,24,radio/TV,good,0.2332483431749416,Faixa 9
202009,20200914,,270,32,male,2,own,,,2662,18,car,good,0.22684455302168832,Faixa 9
202009,20200914,,271,37,female,2,rent,quite rich,,1402,12,furniture/equipment,good,0.2522915462768728,Faixa 8
202009,20200914,,272,36,male,3,free,,moderate,12169,48,car,good,0.36986102163749723,Faixa 5
202009,20200914,,273,28,male,2,own,little,moderate,3060,48,radio/TV,bad,0.6059137971214069,Faixa 1
202009,20200914,,274,34,male,1,own,little,little,11998,30,repairs,bad,0.5946247526071415,Faixa 2
202009,20200914,,275,32,male,2,own,little,,2697,9,radio/TV,good,0.18733560073323202,Faixa 10
202009,20200914,,276,26,female,2,own,little,,2404,18,radio/TV,good,0.3049965519157232,Faixa 7
202009,20200914,,277,49,male,1,own,,little,1262,12,furniture/equipment,good,0.37603785003033485,Faixa 5
202009,20200914,,278,32,female,2,own,little,,4611,6,furniture/equipment,bad,0.3599070234597141,Faixa 6
202009,20200914,,279,29,male,3,rent,moderate,,1901,24,radio/TV,good,0.2571599542584017,Faixa 8
202009,20200914,,280,23,male,2,rent,rich,,3368,15,car,good,0.2305699534499431,Faixa 9
202009,20200914,,281,50,male,2,own,little,,1574,12,furniture/equipment,good,0.2050713790310945,Faixa 10
202009,20200914,,282,49,male,1,own,,rich,1445,18,radio/TV,good,0.3233500642155056,Faixa 6
202009,20200914,,283,63,male,2,own,,,1520,15,furniture/equipment,good,0.206046261335155,Faixa 10
202009,20200914,,284,37,male,2,own,moderate,moderate,3878,24,car,good,0.34904436187655774,Faixa 6
202009,20200914,,285,35,female,1,own,little,little,10722,47,car,good,0.6163023225179529,Faixa 1
202009,20200914,,286,26,male,2,own,little,little,4788,48,car,good,0.6142200770139572,Faixa 1
202009,20200914,,287,31,male,3,free,moderate,moderate,7582,48,vacation/others,good,0.4531532525432197,Faixa 4
202009,20200914,,288,49,female,2,own,little,moderate,1092,12,radio/TV,good,0.4114319212417841,Faixa 4
202009,20200914,,289,48,male,2,own,little,little,1024,24,radio/TV,bad,0.6301354318224616,Faixa 1
202009,20200914,,290,26,male,2,own,little,,1076,12,business,good,0.2512509118014954,Faixa 8
202009,20200914,,291,28,male,3,rent,little,moderate,9398,36,car,bad,0.6151189677975616,Faixa 1
202009,20200914,,292,44,female,3,free,little,little,6419,24,car,good,0.4651227886450045,Faixa 4
202009,20200914,,293,56,male,2,free,little,rich,4796,42,car,good,0.4698718423422217,Faixa 3
202009,20200914,,294,46,male,3,own,,,7629,48,business,good,0.2806653060241189,Faixa 7
202009,20200914,,295,26,female,2,own,little,moderate,9960,48,furniture/equipment,bad,0.6132186018312037,Faixa 1
202009,20200914,,296,20,female,2,rent,,,4675,12,car,good,0.36912405594681397,Faixa 5
202009,20200914,,297,45,male,1,own,,,1287,10,car,good,0.20238034631268745,Faixa 10
202009,20200914,,298,43,male,2,own,little,,2515,18,furniture/equipment,good,0.2734387973679884,Faixa 8
202009,20200914,,299,32,male,2,own,rich,moderate,2745,21,furniture/equipment,good,0.3067524560834922,Faixa 7
202009,20200914,,300,54,female,0,own,little,,672,6,car,good,0.18454467258402824,Faixa 10
202009,20200914,,301,42,female,2,own,little,moderate,3804,36,radio/TV,bad,0.5776083492173474,Faixa 2
202009,20200914,,302,37,male,1,own,,rich,1344,24,car,bad,0.4150984469054492,Faixa 4
202009,20200914,,303,49,male,2,own,little,little,1038,10,car,good,0.33854827915145197,Faixa 6
202009,20200914,,304,44,male,2,free,quite rich,,10127,48,car,bad,0.3346503453946466,Faixa 6
202009,20200914,,305,33,male,2,own,rich,,1543,6,furniture/equipment,good,0.17415935859845616,Faixa 10
202009,20200914,,306,24,female,1,rent,,,4811,30,car,good,0.30664795118221577,Faixa 7
202009,20200914,,307,33,male,1,own,moderate,little,727,12,radio/TV,bad,0.5919502585467814,Faixa 2
202009,20200914,,308,24,female,2,own,little,moderate,1237,8,furniture/equipment,bad,0.461473006257042,Faixa 4
202009,20200914,,309,22,male,1,rent,little,moderate,276,9,car,good,0.3683520714554396,Faixa 5
202009,20200914,,310,40,male,0,free,,moderate,5381,48,vacation/others,good,0.3064182082173391,Faixa 7
202009,20200914,,311,25,male,2,own,moderate,,5511,24,furniture/equipment,good,0.25202392534654633,Faixa 8
202009,20200914,,312,26,female,2,own,little,rich,3749,24,furniture/equipment,good,0.3243153135750437,Faixa 6
202009,20200914,,313,25,male,1,own,little,moderate,685,12,car,bad,0.5910691465259521,Faixa 2
202009,20200914,,314,29,male,1,own,,rich,1494,4,car,good,0.2565551996039147,Faixa 8
202009,20200914,,315,31,male,2,own,little,little,2746,36,furniture/equipment,bad,0.6293346842692655,Faixa 1
202009,20200914,,316,38,male,1,own,little,little,708,12,furniture/equipment,good,0.6004381896887826,Faixa 1
202009,20200914,,317,48,female,1,own,,moderate,4351,24,furniture/equipment,good,0.3226243479073649,Faixa 6
202009,20200914,,318,32,male,2,own,little,,701,12,education,good,0.2593481588801915,Faixa 8
202009,20200914,,319,27,female,1,own,little,little,3643,15,furniture/equipment,good,0.36346098197397786,Faixa 5
202009,20200914,,320,28,male,3,own,little,moderate,4249,30,car,bad,0.5579198498425105,Faixa 2
202009,20200914,,321,32,male,2,own,little,little,1938,24,radio/TV,bad,0.629075519344453,Faixa 1
202009,20200914,,322,34,male,3,free,little,little,2910,24,car,good,0.5050340363302496,Faixa 3
202009,20200914,,323,28,male,2,own,rich,little,2659,18,furniture/equipment,good,0.38665008093997333,Faixa 5
202009,20200914,,324,36,female,2,own,little,,1028,18,car,good,0.26001155715573376,Faixa 8
202009,20200914,,325,39,male,1,own,little,little,3398,8,car,good,0.25754818252595746,Faixa 8
202009,20200914,,326,49,male,2,rent,,,5801,12,furniture/equipment,good,0.29557925473332297,Faixa 7
202009,20200914,,327,34,female,2,own,rich,,1525,24,car,good,0.22177941030429552,Faixa 9
202009,20200914,,328,31,male,2,own,little,rich,4473,36,radio/TV,good,0.4752325827584572,Faixa 3
202009,20200914,,329,28,male,2,own,little,moderate,1068,6,radio/TV,good,0.3681339081208289,Faixa 5
202009,20200914,,330,75,male,3,free,little,little,6615,24,car,good,0.44023657651923725,Faixa 4
202009,20200914,,331,30,female,2,own,moderate,,1864,18,education,bad,0.34970477087547325,Faixa 6
202009,20200914,,332,24,female,3,own,moderate,moderate,7408,60,car,bad,0.5587510053722611,Faixa 2
202009,20200914,,333,24,female,1,rent,moderate,,11590,48,car,bad,0.503263917419235,Faixa 3
202009,20200914,,334,23,male,2,rent,little,little,4110,24,furniture/equipment,bad,0.5429361961117813,Faixa 2
202009,20200914,,335,44,male,3,rent,little,little,3384,6,furniture/equipment,bad,0.40893244195134826,Faixa 5
202009,20200914,,336,23,female,1,own,little,moderate,2101,13,radio/TV,good,0.43298121921429006,Faixa 4
202009,20200914,,337,24,female,2,rent,,little,1275,15,domestic appliances,bad,0.5378651251301636,Faixa 3
202009,20200914,,338,28,male,2,own,little,little,4169,24,furniture/equipment,good,0.5191420372927705,Faixa 3
202009,20200914,,339,31,male,1,own,little,moderate,1521,10,furniture/equipment,good,0.3441679201200962,Faixa 6
202009,20200914,,340,24,female,2,free,little,moderate,5743,24,education,good,0.4476992150299788,Faixa 4
202009,20200914,,341,26,female,1,rent,little,little,3599,21,furniture/equipment,good,0.4162265414776402,Faixa 4
202009,20200914,,342,25,male,2,rent,quite rich,moderate,3213,18,radio/TV,good,0.3991405732150353,Faixa 5
202009,20200914,,343,33,male,3,own,little,moderate,4439,18,business,good,0.44046002549448965,Faixa 4
202009,20200914,,344,37,male,1,own,little,rich,3949,10,car,good,0.2819927422280622,Faixa 7
202009,20200914,,345,43,female,1,own,little,,1459,15,radio/TV,good,0.24249793054834476,Faixa 9
202009,20200914,,346,23,male,2,own,little,moderate,882,13,radio/TV,good,0.48197037692506917,Faixa 3
202009,20200914,,347,23,female,0,rent,quite rich,moderate,3758,24,radio/TV,good,0.3671211229178611,Faixa 5
202009,20200914,,348,34,male,1,own,moderate,,1743,6,business,good,0.18065065133216057,Faixa 10
202009,20200914,,349,32,male,2,free,rich,moderate,1136,9,education,bad,0.4510563999586867,Faixa 4
202009,20200914,,350,23,female,2,rent,little,,1236,9,domestic appliances,good,0.2898986715387735,Faixa 7
202009,20200914,,351,29,female,2,own,little,moderate,959,9,furniture/equipment,bad,0.5616602055272946,Faixa 2
202009,20200914,,352,38,male,3,own,,,3229,18,car,good,0.1988792568922094,Faixa 10
202009,20200914,,353,28,male,2,rent,little,little,6199,12,radio/TV,bad,0.516790573725664,Faixa 3
202009,20200914,,354,46,male,2,free,quite rich,,727,10,education,good,0.23428975780481265,Faixa 9
202009,20200914,,355,23,male,1,own,little,moderate,1246,24,car,bad,0.6218176373539315,Faixa 1
202009,20200914,,356,49,male,2,own,,,2331,12,radio/TV,good,0.1848623500707304,Faixa 10
202009,20200914,,357,26,male,3,own,little,,4463,36,radio/TV,bad,0.38591741505064103,Faixa 5
202009,20200914,,358,28,male,2,own,little,,776,12,radio/TV,good,0.26503747703721225,Faixa 8
202009,20200914,,359,23,female,2,rent,little,little,2406,30,furniture/equipment,bad,0.635030159737725,Faixa 1
202009,20200914,,360,61,male,2,free,,moderate,1239,18,education,good,0.4026791043355723,Faixa 5
202009,20200914,,361,37,male,3,own,,rich,3399,12,radio/TV,good,0.2669509035330374,Faixa 8
202009,20200914,,362,36,female,2,own,little,rich,2247,12,car,good,0.28076193618369216,Faixa 7
202009,20200914,,363,21,male,2,rent,little,,1766,6,furniture/equipment,good,0.275047638479063,Faixa 8
202009,20200914,,364,25,male,0,own,little,little,2473,18,furniture/equipment,bad,0.5443628332476458,Faixa 2
202009,20200914,,365,36,male,2,own,little,,1542,12,business,good,0.24573487247956127,Faixa 8
202009,20200914,,366,27,male,2,own,little,,3850,18,car,good,0.25574426676840145,Faixa 8
202009,20200914,,367,22,female,2,rent,little,little,3650,18,furniture/equipment,good,0.4277936834884674,Faixa 4
202009,20200914,,368,42,male,2,own,little,little,3446,36,furniture/equipment,bad,0.5540741376283891,Faixa 2
202009,20200914,,369,40,female,2,rent,little,moderate,3001,18,furniture/equipment,good,0.42203430887164045,Faixa 4
202009,20200914,,370,36,male,2,own,,,3079,36,car,good,0.2118474567483821,Faixa 10
202009,20200914,,371,33,male,2,own,little,,6070,18,radio/TV,good,0.2881844316736132,Faixa 7
202009,20200914,,372,23,female,2,rent,little,,2146,10,furniture/equipment,good,0.3082235866234903,Faixa 7
202009,20200914,,373,63,male,3,free,,,13756,60,car,good,0.3484236026933138,Faixa 6
202009,20200914,,374,60,female,3,free,moderate,moderate,14782,60,vacation/others,bad,0.6216397842248724,Faixa 1
202009,20200914,,375,37,female,2,rent,little,little,7685,48,business,bad,0.6383474329831331,Faixa 1
202009,20200914,,376,34,male,2,own,little,,2320,18,radio/TV,good,0.26541199914816366,Faixa 8
202009,20200914,,377,36,male,2,free,,,846,7,radio/TV,good,0.19654304144011717,Faixa 10
202009,20200914,,378,57,male,3,free,little,moderate,14318,36,car,bad,0.6316432283564735,Faixa 1
202009,20200914,,379,52,female,1,own,moderate,,362,6,car,good,0.1941554553021663,Faixa 10
202009,20200914,,380,39,male,2,own,,little,2212,20,furniture/equipment,good,0.3654542032559659,Faixa 5
202009,20200914,,381,38,female,3,free,little,moderate,12976,18,car,bad,0.6196923960852959,Faixa 1
202009,20200914,,382,25,female,2,rent,,,1283,22,car,good,0.26831490939028596,Faixa 8
202009,20200914,,383,26,male,2,own,little,rich,1330,12,car,good,0.34926110322831994,Faixa 6
202009,20200914,,384,26,male,1,own,moderate,,4272,30,business,good,0.33481710506168677,Faixa 6
202009,20200914,,385,25,female,2,own,little,,2238,18,radio/TV,good,0.33875944844524436,Faixa 6
202009,20200914,,386,21,female,2,rent,,,1126,18,radio/TV,good,0.3533294222402256,Faixa 6
202009,20200914,,387,40,male,3,own,little,moderate,7374,18,furniture/equipment,good,0.43533365552865866,Faixa 4
202009,20200914,,388,27,male,2,own,quite rich,moderate,2326,15,business,good,0.34427487236478266,Faixa 6
202009,20200914,,389,27,female,2,own,little,,1449,9,business,good,0.2417740939025264,Faixa 9
202009,20200914,,390,30,male,3,own,little,,1820,18,car,good,0.32546346502101225,Faixa 6
202009,20200914,,391,19,female,1,rent,rich,moderate,983,12,furniture/equipment,good,0.43086101291484047,Faixa 4
202009,20200914,,392,39,male,3,free,little,little,3249,36,car,good,0.5316496054207913,Faixa 3
202009,20200914,,393,31,female,2,own,little,little,1957,6,radio/TV,good,0.3288115005536136,Faixa 6
202009,20200914,,394,31,male,3,own,little,,2406,9,furniture/equipment,good,0.20217098623808835,Faixa 10
202009,20200914,,395,32,male,2,rent,moderate,moderate,11760,39,education,good,0.5459430204121103,Faixa 2
202009,20200914,,396,55,female,3,free,little,little,2578,12,furniture/equipment,good,0.4413184175994958,Faixa 4
202009,20200914,,397,46,male,2,own,little,little,2348,36,furniture/equipment,good,0.6243059499207733,Faixa 1
202009,20200914,,398,46,male,2,rent,little,moderate,1223,12,car,bad,0.5059273719788825,Faixa 3
202009,20200914,,399,43,female,1,own,rich,,1516,24,radio/TV,good,0.23105298403547028,Faixa 9
202009,20200914,,400,39,male,2,own,little,,1473,18,radio/TV,good,0.25861211920220994,Faixa 8
202009,20200914,,401,28,male,2,own,,moderate,1887,18,business,good,0.33343394210527183,Faixa 6
202009,20200914,,402,27,male,2,own,little,,8648,24,business,bad,0.4321903116531425,Faixa 4
202009,20200914,,403,27,male,1,own,little,,802,14,car,good,0.2790016363382773,Faixa 7
202009,20200914,,404,43,male,2,own,,moderate,2899,18,car,good,0.2716226399688759,Faixa 8
202009,20200914,,405,22,male,2,own,little,moderate,2039,24,radio/TV,bad,0.5741627463264397,Faixa 2
202009,20200914,,406,43,male,2,own,,,2197,24,car,good,0.2297609919674958,Faixa 9
202009,20200914,,407,27,male,2,own,little,little,1053,15,radio/TV,good,0.5323544925124915,Faixa 3
202009,20200914,,408,26,male,3,own,quite rich,,3235,24,radio/TV,good,0.2331328280410693,Faixa 9
202009,20200914,,409,28,male,2,own,quite rich,rich,939,12,car,bad,0.40841650013169556,Faixa 5
202009,20200914,,410,20,female,2,own,little,moderate,1967,24,radio/TV,good,0.5754850848819044,Faixa 2
202009,20200914,,411,35,male,3,own,little,,7253,33,car,good,0.24721476111245297,Faixa 8
202009,20200914,,412,42,male,3,own,little,,2292,12,business,bad,0.27673821245306646,Faixa 7
202009,20200914,,413,40,male,1,rent,quite rich,,1597,10,car,good,0.22945820376735943,Faixa 9
202009,20200914,,414,35,female,2,own,,little,1381,24,car,bad,0.5236969334459862,Faixa 3
202009,20200914,,415,35,male,2,own,little,,5842,36,car,good,0.2121315879960444,Faixa 10
202009,20200914,,416,33,male,1,own,little,little,2579,12,car,bad,0.4228311172937236,Faixa 4
202009,20200914,,417,23,female,2,rent,,little,8471,18,education,good,0.49844709268105214,Faixa 3
202009,20200914,,418,31,female,3,own,quite rich,,2782,21,car,good,0.26817808325921216,Faixa 8
202009,20200914,,419,33,female,2,own,,moderate,1042,18,car,bad,0.4380864850771259,Faixa 4
202009,20200914,,420,20,female,2,rent,rich,,3186,15,car,good,0.3141156391731351,Faixa 7
202009,20200914,,421,30,male,2,own,,moderate,2028,12,car,good,0.29963941865197424,Faixa 7
202009,20200914,,422,47,male,1,own,little,moderate,958,12,car,good,0.4589891119246532,Faixa 4
202009,20200914,,423,34,male,3,own,moderate,,1591,21,furniture/equipment,good,0.23637944962965865,Faixa 9
202009,20200914,,424,25,female,2,own,,moderate,2762,12,furniture/equipment,bad,0.4040455886353461,Faixa 5
202009,20200914,,425,21,male,2,rent,little,moderate,2779,18,car,good,0.4505884243513163,Faixa 4
202009,20200914,,426,29,male,2,own,little,,2743,28,radio/TV,good,0.2601463243287502,Faixa 8
202009,20200914,,427,46,male,2,own,rich,,1149,18,radio/TV,good,0.20852688836188393,Faixa 10
202009,20200914,,428,20,male,2,own,little,,1313,9,furniture/equipment,good,0.30385973665758204,Faixa 7
202009,20200914,,429,55,female,0,free,little,little,1190,18,repairs,bad,0.6078814217632115,Faixa 1
202009,20200914,,430,74,male,1,own,little,,3448,5,business,good,0.20855267106812592,Faixa 10
202009,20200914,,431,29,male,3,own,little,moderate,11328,24,vacation/others,bad,0.6329606338108764,Faixa 1
202009,20200914,,432,36,male,3,free,little,little,1872,6,furniture/equipment,good,0.2970188603826475,Faixa 7
202009,20200914,,433,33,male,2,own,little,,2058,24,repairs,good,0.26559242964672386,Faixa 8
202009,20200914,,434,25,male,2,own,little,little,2136,9,furniture/equipment,good,0.37326698865098823,Faixa 5
202009,20200914,,435,25,male,2,own,,moderate,1484,12,radio/TV,bad,0.37551554624343464,Faixa 5
202009,20200914,,436,23,male,1,rent,quite rich,,660,6,repairs,good,0.25319588830050976,Faixa 8
202009,20200914,,437,37,female,2,own,rich,,1287,24,car,good,0.2250557973354354,Faixa 9
202009,20200914,,438,65,male,0,own,little,little,3394,42,repairs,good,0.5454427396407862,Faixa 2
202009,20200914,,439,26,female,0,own,little,rich,609,12,business,bad,0.49919625192031253,Faixa 3
202009,20200914,,440,39,male,3,own,little,,1884,12,car,good,0.23392861814275379,Faixa 9
202009,20200914,,441,30,female,2,own,little,little,1620,12,furniture/equipment,good,0.43637752043918376,Faixa 4
202009,20200914,,442,29,male,2,own,little,moderate,2629,20,vacation/others,good,0.38767704601244923,Faixa 5
202009,20200914,,443,41,male,1,own,little,,719,12,education,bad,0.29390170962145445,Faixa 7
202009,20200914,,444,30,female,3,own,little,moderate,5096,48,furniture/equipment,bad,0.6358369463356413,Faixa 1
202009,20200914,,445,41,female,1,rent,,,1244,9,education,good,0.22312070186019556,Faixa 9
202009,20200914,,446,34,female,2,own,little,little,1842,36,car,bad,0.6345210930090432,Faixa 1
202009,20200914,,447,35,male,2,own,little,moderate,2576,7,radio/TV,good,0.24979239418846197,Faixa 8
202009,20200914,,448,55,female,3,own,,rich,1424,12,furniture/equipment,good,0.27839211317993934,Faixa 7
202009,20200914,,449,61,male,2,own,rich,moderate,1512,15,repairs,bad,0.3798650192285521,Faixa 5
202009,20200914,,450,30,male,3,own,,,11054,36,car,good,0.3017586766901229,Faixa 7
202009,20200914,,451,29,female,2,own,little,,518,6,radio/TV,good,0.23804018535761834,Faixa 9
202009,20200914,,452,34,male,2,own,little,,2759,12,furniture/equipment,good,0.18746433954487685,Faixa 10
202009,20200914,,453,35,male,3,own,little,,2670,24,car,good,0.22897890564743278,Faixa 9
202009,20200914,,454,31,male,2,own,little,little,4817,24,car,bad,0.5512528307286754,Faixa 2
202009,20200914,,455,29,female,3,own,little,,2679,24,car,good,0.2767965236474543,Faixa 7
202009,20200914,,456,36,male,2,rent,little,little,3905,11,car,good,0.3143637876120812,Faixa 6
202009,20200914,,457,35,male,2,free,little,little,3386,12,car,bad,0.4704952749705003,Faixa 3
202009,20200914,,458,27,female,2,own,little,little,343,6,domestic appliances,good,0.34673013558522964,Faixa 6
202009,20200914,,459,32,male,2,own,little,,4594,18,radio/TV,good,0.3525632917318482,Faixa 6
202009,20200914,,460,37,male,2,own,little,little,3620,36,furniture/equipment,good,0.5099233499151928,Faixa 3
202009,20200914,,461,36,male,2,own,little,little,1721,15,car,good,0.3979310378647252,Faixa 5
202009,20200914,,462,34,female,3,rent,little,moderate,3017,12,furniture/equipment,good,0.41999481795560223,Faixa 4
202009,20200914,,463,38,male,2,own,,moderate,754,12,education,good,0.4048227293290324,Faixa 5
202009,20200914,,464,34,male,2,own,little,,1950,18,business,good,0.3034248610245511,Faixa 7
202009,20200914,,465,63,male,2,own,little,little,2924,24,car,good,0.44822379044307714,Faixa 4
202009,20200914,,466,29,female,1,rent,little,little,1659,24,radio/TV,bad,0.6321834744526292,Faixa 1
202009,20200914,,467,32,male,2,own,,,7238,48,radio/TV,good,0.24074853302010524,Faixa 9
202009,20200914,,468,26,female,2,own,little,,2764,33,business,good,0.2870246232365598,Faixa 7
202009,20200914,,469,35,male,1,own,little,,4679,24,car,good,0.28674143621506115,Faixa 7
202009,20200914,,470,22,male,2,rent,moderate,moderate,3092,24,radio/TV,bad,0.5098883458858682,Faixa 3
202009,20200914,,471,23,female,2,own,little,little,448,6,education,bad,0.379279658356254,Faixa 5
202009,20200914,,472,28,male,1,own,little,little,654,9,car,bad,0.5526522940449965,Faixa 2
202009,20200914,,473,36,male,3,own,,,1238,6,education,good,0.17128875650834935,Faixa 10
202009,20200914,,474,33,male,2,own,little,moderate,1245,18,radio/TV,bad,0.5531238408358865,Faixa 2
202009,20200914,,475,26,female,2,rent,little,little,3114,18,furniture/equipment,bad,0.4895830123023266,Faixa 3
202009,20200914,,476,24,male,2,own,quite rich,,2569,39,car,good,0.2782077434765177,Faixa 7
202009,20200914,,477,25,male,2,own,little,rich,5152,24,radio/TV,good,0.38091564574180425,Faixa 5
202009,20200914,,478,39,male,1,own,moderate,moderate,1037,12,business,good,0.4017040772728566,Faixa 5
202009,20200914,,479,44,male,2,own,little,little,1478,15,furniture/equipment,good,0.40642197875003533,Faixa 5
202009,20200914,,480,23,female,1,own,little,moderate,3573,12,radio/TV,good,0.30722411057185717,Faixa 7
202009,20200914,,481,26,male,2,own,little,moderate,1201,24,car,good,0.6095365949935471,Faixa 1
202009,20200914,,482,57,female,2,rent,rich,little,3622,30,furniture/equipment,good,0.3473258884850734,Faixa 6
202009,20200914,,483,30,female,2,own,rich,,960,15,furniture/equipment,good,0.25152264827712806,Faixa 8
202009,20200914,,484,44,male,2,own,quite rich,,1163,12,car,good,0.22414495812387902,Faixa 9
202009,20200914,,485,47,male,3,own,little,moderate,1209,6,car,bad,0.38102277022701997,Faixa 5
202009,20200914,,486,52,male,2,own,little,,3077,12,radio/TV,good,0.16890224267577142,Faixa 10
202009,20200914,,487,62,female,2,free,little,,3757,24,car,good,0.22369009686591712,Faixa 9
202009,20200914,,488,35,male,1,rent,moderate,,1418,10,car,good,0.21982538380847794,Faixa 9
202009,20200914,,489,26,male,2,rent,little,,3518,6,car,good,0.20432668498628667,Faixa 10
202009,20200914,,490,26,male,2,own,little,,1934,12,radio/TV,good,0.2427922824800956,Faixa 9
202009,20200914,,491,42,female,3,free,little,moderate,8318,27,business,bad,0.5882415491868278,Faixa 2
202009,20200914,,492,27,female,2,own,moderate,,1237,6,radio/TV,good,0.21426581848304893,Faixa 10
202009,20200914,,493,38,male,2,own,,moderate,368,6,radio/TV,good,0.23431017532622742,Faixa 9
202009,20200914,,494,39,male,1,rent,little,little,2122,12,car,good,0.3907668323940318,Faixa 5
202009,20200914,,495,20,male,2,own,,little,2996,24,furniture/equipment,bad,0.41813017239514416,Faixa 4
202009,20200914,,496,29,male,3,rent,moderate,moderate,9034,36,furniture/equipment,bad,0.5937645480275905,Faixa 2
202009,20200914,,497,40,male,2,own,little,,1585,24,furniture/equipment,good,0.2374945597130407,Faixa 9
202009,20200914,,498,32,male,1,own,little,moderate,1301,18,radio/TV,good,0.5413409594932574,Faixa 2
202009,20200914,,499,28,male,2,own,moderate,rich,1323,6,car,good,0.25580378445202195,Faixa 8
202009,20200914,,500,27,female,2,own,little,little,3123,24,car,bad,0.539187566765198,Faixa 2
202009,20200914,,501,42,male,2,free,little,little,5493,36,car,good,0.5498349465456216,Faixa 2
202009,20200914,,502,49,male,2,own,moderate,rich,1126,9,radio/TV,good,0.2494055460659215,Faixa 8
202009,20200914,,503,38,male,2,own,moderate,moderate,1216,24,radio/TV,bad,0.557613069527865,Faixa 2
202009,20200914,,504,24,female,2,rent,little,little,1207,24,car,bad,0.6405237166580587,Faixa 1
202009,20200914,,505,27,male,1,own,,,1309,10,car,bad,0.2730023312725595,Faixa 8
202009,20200914,,506,36,male,2,own,quite rich,rich,2360,15,car,good,0.31381165514960374,Faixa 7
202009,20200914,,507,34,male,3,own,moderate,moderate,6850,15,car,bad,0.4444257296102444,Faixa 4
202009,20200914,,508,28,male,2,own,little,,1413,24,radio/TV,good,0.2304202250742351,Faixa 9
202009,20200914,,509,45,male,3,own,moderate,,8588,39,car,good,0.291855164262474,Faixa 7
202009,20200914,,510,26,male,2,own,little,little,759,12,car,bad,0.6188334833159025,Faixa 1
202009,20200914,,511,32,male,3,free,little,,4686,36,car,good,0.3440790196536064,Faixa 6
202009,20200914,,512,26,male,2,rent,little,rich,2687,15,business,good,0.38046347539892406,Faixa 5
202009,20200914,,513,20,male,2,rent,little,moderate,585,12,radio/TV,good,0.40868576280874336,Faixa 5
202009,20200914,,514,54,male,2,own,,,2255,24,car,good,0.21160351945688088,Faixa 10
202009,20200914,,515,37,female,2,own,little,little,609,6,car,good,0.333749271264103,Faixa 6
202009,20200914,,516,40,male,1,own,little,little,1361,6,car,good,0.2515031266479697,Faixa 8
202009,20200914,,517,23,female,2,rent,little,,7127,36,furniture/equipment,bad,0.46236951499075724,Faixa 4
202009,20200914,,518,43,male,2,own,moderate,little,1203,6,car,good,0.30036011277304414,Faixa 7
202009,20200914,,519,36,male,2,free,,,700,6,radio/TV,good,0.19981799693719446,Faixa 10
202009,20200914,,520,44,male,2,free,little,,5507,24,repairs,good,0.26814138601310683,Faixa 8
202009,20200914,,521,24,female,2,own,little,little,3190,18,radio/TV,bad,0.4871620606359379,Faixa 3
202009,20200914,,522,53,male,2,free,little,little,7119,48,furniture/equipment,bad,0.6129888084051097,Faixa 1
202009,20200914,,523,23,female,2,own,moderate,,3488,24,car,good,0.24900112542079667,Faixa 8
202009,20200914,,524,26,female,1,own,little,moderate,1113,18,radio/TV,good,0.5515377275248619,Faixa 2
202009,20200914,,525,30,male,2,own,little,moderate,7966,26,car,good,0.47617653128859017,Faixa 3
202009,20200914,,526,31,female,2,own,moderate,,1532,15,education,good,0.27873393056843804,Faixa 7
202009,20200914,,527,42,male,1,own,little,,1503,4,radio/TV,good,0.18909553160063527,Faixa 10
202009,20200914,,528,31,male,2,rent,little,little,2302,36,radio/TV,bad,0.6445375283660151,Faixa 1
202009,20200914,,529,41,male,1,own,little,little,662,6,car,good,0.3104595027831767,Faixa 7
202009,20200914,,530,32,male,2,own,little,moderate,2273,36,education,good,0.5712968411996389,Faixa 2
202009,20200914,,531,28,female,2,rent,moderate,moderate,2631,15,car,bad,0.4809122878713464,Faixa 3
202009,20200914,,532,41,male,2,rent,little,,1503,12,car,good,0.24359950719913173,Faixa 9
202009,20200914,,533,26,male,2,own,moderate,,1311,24,radio/TV,good,0.2221802241087386,Faixa 9
202009,20200914,,534,25,male,2,own,,,3105,24,radio/TV,good,0.22954483480823407,Faixa 9
202009,20200914,,535,33,male,2,rent,little,rich,2319,21,education,bad,0.46535982038451523,Faixa 4
202009,20200914,,536,75,female,3,own,,little,1374,6,car,good,0.2814285741875425,Faixa 7
202009,20200914,,537,37,female,2,own,little,moderate,3612,18,furniture/equipment,good,0.35941556914194484,Faixa 6
202009,20200914,,538,42,male,3,free,little,little,7763,48,car,bad,0.6259797460570988,Faixa 1
202009,20200914,,539,45,female,1,own,little,rich,3049,18,furniture/equipment,good,0.291557650589881,Faixa 7
202009,20200914,,540,23,male,2,rent,little,moderate,1534,12,radio/TV,bad,0.4882237590266885,Faixa 3
202009,20200914,,541,60,male,2,free,little,,2032,24,car,good,0.24766959065034574,Faixa 8
202009,20200914,,542,31,male,2,own,,little,6350,30,furniture/equipment,bad,0.4584942254911018,Faixa 4
202009,20200914,,543,34,male,1,own,little,rich,2864,18,furniture/equipment,bad,0.4109211039589589,Faixa 5
202009,20200914,,544,61,male,1,own,little,,1255,12,car,good,0.21697857063791065,Faixa 10
202009,20200914,,545,43,male,2,free,little,little,1333,24,car,bad,0.6299604934953373,Faixa 1
202009,20200914,,546,37,female,2,own,little,,2022,24,car,good,0.24658222712652375,Faixa 8
202009,20200914,,547,32,male,2,own,little,,1552,24,radio/TV,good,0.24127742864416357,Faixa 9
202009,20200914,,548,24,female,1,own,little,little,626,12,radio/TV,bad,0.5989455719873045,Faixa 1
202009,20200914,,549,35,male,2,free,,,8858,48,car,good,0.23509910573011494,Faixa 9
202009,20200914,,550,23,female,2,own,,,996,12,repairs,good,0.24764835344380468,Faixa 8
202009,20200914,,551,45,male,1,own,quite rich,,1750,6,radio/TV,good,0.16498450808540333,Faixa 10
202009,20200914,,552,34,male,2,own,little,little,6999,48,radio/TV,bad,0.6302469635489354,Faixa 1
202009,20200914,,553,27,male,2,own,moderate,moderate,1995,12,car,good,0.35374469555318455,Faixa 6
202009,20200914,,554,67,female,3,own,little,moderate,1199,9,education,good,0.32424042121733365,Faixa 6
202009,20200914,,555,22,male,2,own,little,moderate,1331,12,radio/TV,bad,0.5357330151220532,Faixa 3
202009,20200914,,556,28,female,2,own,moderate,moderate,2278,18,car,bad,0.46856144397229166,Faixa 4
202009,20200914,,557,29,female,2,own,,,5003,21,car,bad,0.39685920078111786,Faixa 5
202009,20200914,,558,27,male,2,own,little,little,3552,24,furniture/equipment,bad,0.5368859364553825,Faixa 3
202009,20200914,,559,31,male,1,own,little,moderate,1928,18,furniture/equipment,bad,0.5549536045518507,Faixa 2
202009,20200914,,560,49,male,2,free,,little,2964,24,car,good,0.38769161683546305,Faixa 5
202009,20200914,,561,24,male,1,rent,little,little,1546,24,radio/TV,bad,0.6324425868351857,Faixa 1
202009,20200914,,562,29,female,2,own,little,rich,683,6,radio/TV,good,0.3403136650967489,Faixa 6
202009,20200914,,563,37,male,2,free,,moderate,12389,36,car,bad,0.4173677591482926,Faixa 4
202009,20200914,,564,37,male,3,own,,moderate,4712,24,business,good,0.3207796293789444,Faixa 6
202009,20200914,,565,23,female,2,rent,moderate,moderate,1553,24,radio/TV,good,0.5673724599569712,Faixa 2
202009,20200914,,566,36,male,2,own,little,little,1372,12,car,bad,0.45793581361959546,Faixa 4
202009,20200914,,567,34,male,2,own,rich,,2578,24,radio/TV,good,0.23470903806027502,Faixa 9
202009,20200914,,568,41,male,2,own,,moderate,3979,48,radio/TV,good,0.36311924976535254,Faixa 5
202009,20200914,,569,31,female,2,own,little,little,6758,48,radio/TV,bad,0.628305963981071,Faixa 1
202009,20200914,,570,23,female,1,rent,little,little,3234,24,furniture/equipment,bad,0.577918601299753,Faixa 2
202009,20200914,,571,38,male,2,own,little,,5954,30,radio/TV,good,0.23660847258069911,Faixa 9
202009,20200914,,572,26,female,3,rent,,,5433,24,car,good,0.3325201457554147,Faixa 6
202009,20200914,,573,22,female,1,own,little,little,806,15,business,good,0.5375800373095614,Faixa 3
202009,20200914,,574,27,male,1,own,little,moderate,1082,9,radio/TV,good,0.3505789766998756,Faixa 6
202009,20200914,,575,24,female,2,own,little,,2788,15,furniture/equipment,good,0.2563003078002517,Faixa 8
202009,20200914,,576,27,female,2,own,little,moderate,2930,12,radio/TV,good,0.35285589906773324,Faixa 6
202009,20200914,,577,33,female,2,own,,,1927,24,education,good,0.24297811499997587,Faixa 9
202009,20200914,,578,27,male,2,own,little,moderate,2820,36,car,bad,0.5793527467082148,Faixa 2
202009,20200914,,579,27,male,1,own,little,,937,24,education,good,0.2633070652558702,Faixa 8
202009,20200914,,580,30,male,2,own,little,moderate,1056,18,car,bad,0.6024651810621313,Faixa 1
202009,20200914,,581,49,male,1,own,little,moderate,3124,12,car,good,0.29121187376279434,Faixa 7
202009,20200914,,582,26,female,2,rent,little,,1388,9,furniture/equipment,good,0.27365324758656523,Faixa 8
202009,20200914,,583,33,male,1,rent,little,moderate,2384,36,repairs,bad,0.580920146548148,Faixa 2
202009,20200914,,584,52,female,3,free,,,2133,12,car,good,0.21377553353544237,Faixa 10
202009,20200914,,585,20,female,2,rent,little,little,2039,18,furniture/equipment,bad,0.5616663295510509,Faixa 2
202009,20200914,,586,36,male,2,rent,little,little,2799,9,car,good,0.3167235087427368,Faixa 6
202009,20200914,,587,21,male,1,own,little,little,1289,12,furniture/equipment,good,0.49577265795217373,Faixa 3
202009,20200914,,588,47,male,1,own,little,little,1217,18,domestic appliances,bad,0.6148921442294395,Faixa 1
202009,20200914,,589,60,male,2,own,little,little,2246,12,furniture/equipment,bad,0.40439155421255746,Faixa 5
202009,20200914,,590,58,female,1,own,little,little,385,12,radio/TV,good,0.401727516799595,Faixa 5
202009,20200914,,591,42,female,2,rent,,moderate,1965,24,car,good,0.38883622126020845,Faixa 5
202009,20200914,,592,36,female,1,own,rich,,1572,21,business,good,0.2570588810550916,Faixa 8
202009,20200914,,593,20,female,1,rent,little,moderate,2718,24,car,bad,0.5358443185282814,Faixa 3
202009,20200914,,594,40,male,3,own,,little,1358,24,vacation/others,bad,0.5156294074823561,Faixa 3
202009,20200914,,595,32,female,1,own,moderate,moderate,931,6,car,bad,0.4125282389812091,Faixa 4
202009,20200914,,596,23,female,2,rent,little,little,1442,24,car,bad,0.6411194706106307,Faixa 1
202009,20200914,,597,36,male,1,own,little,moderate,4241,24,business,bad,0.5242602213047877,Faixa 3
202009,20200914,,598,31,male,2,own,little,,2775,18,car,bad,0.27919038095952775,Faixa 7
202009,20200914,,599,32,male,2,free,little,,3863,24,business,good,0.27634130334937923,Faixa 7
202009,20200914,,600,45,female,2,own,little,moderate,2329,7,radio/TV,good,0.26846251267207866,Faixa 8
202009,20200914,,601,30,female,2,own,little,moderate,918,9,furniture/equipment,bad,0.5107788440033428,Faixa 3
202009,20200914,,602,34,female,1,free,little,moderate,1837,24,education,bad,0.5799430936287641,Faixa 2
202009,20200914,,603,28,female,3,own,little,,3349,36,furniture/equipment,bad,0.33778661652117126,Faixa 6
202009,20200914,,604,23,female,2,own,little,rich,1275,10,furniture/equipment,good,0.3913590518857513,Faixa 5
202009,20200914,,605,22,male,2,own,quite rich,little,2828,24,furniture/equipment,good,0.44120910397410446,Faixa 4
202009,20200914,,606,74,male,3,own,little,,4526,24,business,good,0.33814096615951,Faixa 6
202009,20200914,,607,50,female,2,free,moderate,moderate,2671,36,radio/TV,bad,0.6011271348957415,Faixa 1
202009,20200914,,608,33,male,2,own,little,,2051,18,radio/TV,good,0.28536577690475273,Faixa 7
202009,20200914,,609,45,male,2,free,,,1300,15,car,good,0.21204763359996,Faixa 10
202009,20200914,,610,22,female,2,own,moderate,little,741,12,domestic appliances,bad,0.5725607500637945,Faixa 2
202009,20200914,,611,48,female,1,free,moderate,rich,1240,10,car,bad,0.3777475735288755,Faixa 5
202009,20200914,,612,29,female,2,own,rich,little,3357,21,radio/TV,good,0.36188009589091585,Faixa 5
202009,20200914,,613,22,female,2,rent,little,little,3632,24,car,good,0.492305195536316,Faixa 3
202009,20200914,,614,22,female,2,own,little,,1808,18,furniture/equipment,bad,0.43654920490732924,Faixa 4
202009,20200914,,615,48,male,3,own,,moderate,12204,48,business,good,0.38572695326585177,Faixa 5
202009,20200914,,616,27,male,3,free,,moderate,9157,60,radio/TV,good,0.37602153272150846,Faixa 5
202009,20200914,,617,37,male,2,rent,little,little,3676,6,car,good,0.3467812477302566,Faixa 6
202009,20200914,,618,21,female,2,rent,moderate,moderate,3441,30,furniture/equipment,bad,0.5031188889043265,Faixa 3
202009,20200914,,619,49,male,1,own,little,,640,12,car,good,0.24533151859350857,Faixa 8
202009,20200914,,620,27,male,2,own,little,moderate,3652,21,business,good,0.3674738996191623,Faixa 5
202009,20200914,,621,32,male,2,own,little,,1530,18,car,bad,0.32101390827257426,Faixa 6
202009,20200914,,622,38,male,2,own,,,3914,48,business,bad,0.34052958241451425,Faixa 6
202009,20200914,,623,22,female,2,rent,little,little,1858,12,furniture/equipment,good,0.475730704440638,Faixa 3
202009,20200914,,624,65,male,2,free,little,little,2600,18,radio/TV,bad,0.47264002849318676,Faixa 3
202009,20200914,,625,35,male,2,own,,,1979,15,radio/TV,good,0.20218479224994138,Faixa 10
202009,20200914,,626,41,male,2,own,little,rich,2116,6,furniture/equipment,good,0.2087418613880051,Faixa 10
202009,20200914,,627,29,male,2,own,moderate,moderate,1437,9,car,bad,0.4019925399796762,Faixa 5
202009,20200914,,628,36,male,2,own,quite rich,,4042,42,furniture/equipment,good,0.29555803875342246,Faixa 7
202009,20200914,,629,64,male,1,own,,,3832,9,education,good,0.1903398763641427,Faixa 10
202009,20200914,,630,28,female,2,own,little,little,3660,24,radio/TV,good,0.48440122502071814,Faixa 3
202009,20200914,,631,44,male,2,own,little,little,1553,18,furniture/equipment,bad,0.6073660402840781,Faixa 1
202009,20200914,,632,23,male,2,own,,moderate,1444,15,radio/TV,good,0.36640485166461184,Faixa 5
202009,20200914,,633,19,female,2,rent,little,,1980,9,furniture/equipment,bad,0.379743380555494,Faixa 5
202009,20200914,,634,25,female,1,own,little,moderate,1355,24,car,bad,0.627108460291836,Faixa 1
202009,20200914,,635,47,male,2,own,little,,1393,12,education,good,0.19925580740145174,Faixa 10
202009,20200914,,636,28,female,2,own,quite rich,,1376,24,radio/TV,good,0.2536420220337381,Faixa 8
202009,20200914,,637,21,male,2,own,little,,15653,60,radio/TV,good,0.41836099689888,Faixa 4
202009,20200914,,638,34,female,2,own,little,,1493,12,radio/TV,good,0.2258858898216353,Faixa 9
202009,20200914,,639,26,male,2,own,little,little,4370,42,radio/TV,bad,0.6012253969928314,Faixa 1
202009,20200914,,640,27,female,0,own,little,little,750,18,education,bad,0.6242559866271203,Faixa 1
202009,20200914,,641,38,male,1,own,little,moderate,1308,15,repairs,good,0.4209793062952489,Faixa 4
202009,20200914,,642,40,male,3,own,moderate,,4623,15,education,bad,0.35078757904874486,Faixa 6
202009,20200914,,643,33,male,2,own,little,,1851,24,radio/TV,good,0.23650361224008815,Faixa 9
202009,20200914,,644,32,male,3,own,little,little,1880,18,radio/TV,good,0.5091300810116627,Faixa 3
202009,20200914,,645,27,male,2,rent,,,7980,36,business,bad,0.4186978996817034,Faixa 4
202009,20200914,,646,32,male,2,own,little,little,4583,30,furniture/equipment,good,0.5446018339420634,Faixa 2
202009,20200914,,647,26,female,2,own,quite rich,,1386,12,car,bad,0.3020804715665892,Faixa 7
202009,20200914,,648,38,male,2,free,little,rich,947,24,car,bad,0.5928055253507689,Faixa 2
202009,20200914,,649,40,male,1,rent,little,little,684,12,education,bad,0.6119961787357037,Faixa 1
202009,20200914,,650,50,male,3,free,little,little,7476,48,education,good,0.560324753757006,Faixa 2
202009,20200914,,651,37,male,1,own,little,moderate,1922,12,furniture/equipment,bad,0.40527376709993496,Faixa 5
202009,20200914,,652,45,male,2,own,little,little,2303,24,car,bad,0.5445097566714966,Faixa 2
202009,20200914,,653,42,male,3,own,moderate,moderate,8086,36,car,bad,0.5526545972792157,Faixa 2
202009,20200914,,654,35,male,2,own,little,,2346,24,car,good,0.25622316153833324,Faixa 8
202009,20200914,,655,22,male,2,free,little,little,3973,14,car,good,0.47253114039965943,Faixa 3
202009,20200914,,656,41,male,1,own,little,moderate,888,12,car,bad,0.5331257672745242,Faixa 3
202009,20200914,,657,37,male,2,own,,,10222,48,radio/TV,good,0.2653711367235602,Faixa 8
202009,20200914,,658,28,female,2,own,little,moderate,4221,30,business,good,0.5579755319539791,Faixa 2
202009,20200914,,659,41,male,2,own,little,moderate,6361,18,furniture/equipment,good,0.3839102431858272,Faixa 5
202009,20200914,,660,23,male,2,rent,little,rich,1297,12,radio/TV,good,0.41428963530836527,Faixa 4
202009,20200914,,661,23,male,2,own,,little,900,12,car,bad,0.5218071986992232,Faixa 3
202009,20200914,,662,50,male,2,own,little,,2241,21,furniture/equipment,good,0.2534747857667557,Faixa 8
202009,20200914,,663,35,male,3,own,little,moderate,1050,6,furniture/equipment,good,0.3554977470962284,Faixa 6
202009,20200914,,664,50,female,1,own,little,rich,1047,6,education,good,0.2744527402580225,Faixa 8
202009,20200914,,665,27,male,3,own,little,,6314,24,vacation/others,good,0.2643184616889895,Faixa 8
202009,20200914,,666,34,male,2,own,rich,moderate,3496,30,furniture/equipment,good,0.33672505667963165,Faixa 6
202009,20200914,,667,27,female,2,own,little,,3609,48,business,good,0.2977389854872293,Faixa 7
202009,20200914,,668,43,male,2,rent,little,little,4843,12,car,bad,0.5270305510775671,Faixa 3
202009,20200914,,669,47,male,2,own,little,rich,3017,30,radio/TV,good,0.3294208556416091,Faixa 6
202009,20200914,,670,27,male,1,own,moderate,,4139,24,business,good,0.30575260945462696,Faixa 7
202009,20200914,,671,31,male,2,own,moderate,,5742,36,business,good,0.25622432177354304,Faixa 8
202009,20200914,,672,42,male,3,own,little,,10366,60,car,good,0.2813935225582774,Faixa 7
202009,20200914,,673,24,male,2,own,quite rich,,2080,6,car,good,0.2201145851208155,Faixa 9
202009,20200914,,674,41,male,1,own,quite rich,,2580,21,business,bad,0.3281511771732751,Faixa 6
202009,20200914,,675,26,female,3,rent,little,,4530,30,radio/TV,good,0.34035939421107464,Faixa 6
202009,20200914,,676,33,male,2,own,little,,5150,24,furniture/equipment,good,0.2549714930240452,Faixa 8
202009,20200914,,677,24,male,2,own,moderate,moderate,5595,72,radio/TV,bad,0.5158382834755044,Faixa 3
202009,20200914,,678,64,male,1,rent,little,little,2384,24,radio/TV,good,0.4611442349917729,Faixa 4
202009,20200914,,679,26,female,2,own,little,,1453,18,radio/TV,good,0.28284134205443634,Faixa 7
202009,20200914,,680,56,female,2,own,little,,1538,6,education,good,0.17793863738312066,Faixa 10
202009,20200914,,681,37,male,2,free,,,2279,12,radio/TV,good,0.21097940916053023,Faixa 10
202009,20200914,,682,33,male,2,own,little,,1478,15,radio/TV,good,0.23748496059724905,Faixa 9
202009,20200914,,683,47,male,2,free,little,,5103,24,radio/TV,good,0.2685801756397756,Faixa 8
202009,20200914,,684,31,male,1,own,moderate,moderate,9857,36,business,good,0.5148747747356017,Faixa 3
202009,20200914,,685,34,male,2,free,,,6527,60,car,good,0.24176362159436204,Faixa 9
202009,20200914,,686,27,male,2,own,,rich,1347,10,radio/TV,good,0.2867900797590717,Faixa 7
202009,20200914,,687,30,male,2,free,moderate,moderate,2862,36,car,good,0.5122371884467608,Faixa 3
202009,20200914,,688,35,male,2,own,moderate,,2753,9,radio/TV,good,0.16969428407372183,Faixa 10
202009,20200914,,689,31,male,2,own,rich,little,3651,12,car,good,0.29335446791826203,Faixa 7
202009,20200914,,690,25,male,2,own,little,little,975,15,furniture/equipment,good,0.5411417797764124,Faixa 2
202009,20200914,,691,25,female,1,own,moderate,moderate,2631,15,repairs,good,0.3988825937001374,Faixa 5
202009,20200914,,692,29,male,2,own,moderate,moderate,2896,24,radio/TV,good,0.42256735833847653,Faixa 4
202009,20200914,,693,44,male,1,own,,little,4716,6,car,good,0.3344789721529626,Faixa 6
202009,20200914,,694,28,male,2,own,little,,2284,24,radio/TV,good,0.2800558376211201,Faixa 7
202009,20200914,,695,50,male,2,rent,quite rich,,1236,6,car,good,0.17385556761818685,Faixa 10
202009,20200914,,696,29,male,2,own,little,moderate,1103,12,radio/TV,good,0.45498366577232324,Faixa 4
202009,20200914,,697,38,female,0,own,little,,926,12,car,good,0.244419957741666,Faixa 9
202009,20200914,,698,24,male,2,own,little,,1800,18,radio/TV,good,0.3446508205431237,Faixa 6
202009,20200914,,699,40,male,3,rent,little,rich,1905,15,education,good,0.35728306622175976,Faixa 6
202009,20200914,,700,29,female,1,rent,quite rich,,1123,12,furniture/equipment,bad,0.33546461983864856,Faixa 6
202009,20200914,,701,46,male,2,free,little,little,6331,48,car,bad,0.631887132343184,Faixa 1
202009,20200914,,702,47,female,2,free,moderate,rich,1377,24,radio/TV,good,0.40261225519147154,Faixa 5
202009,20200914,,703,41,male,2,own,moderate,moderate,2503,30,business,good,0.4332246682125449,Faixa 4
202009,20200914,,704,32,female,2,own,little,moderate,2528,27,business,good,0.5418647968428498,Faixa 2
202009,20200914,,705,35,female,2,free,quite rich,,5324,15,car,good,0.2699420556369149,Faixa 8
202009,20200914,,706,24,male,2,own,moderate,moderate,6560,48,car,bad,0.5485445249654258,Faixa 2
202009,20200914,,707,25,female,2,rent,little,moderate,2969,12,furniture/equipment,bad,0.48883118593900576,Faixa 3
202009,20200914,,708,25,female,2,own,little,moderate,1206,9,radio/TV,good,0.4056304919752109,Faixa 5
202009,20200914,,709,37,male,1,own,little,moderate,2118,9,radio/TV,good,0.2768259171225551,Faixa 7
202009,20200914,,710,32,male,3,own,quite rich,,629,18,radio/TV,good,0.2702334668107553,Faixa 8
202009,20200914,,711,35,female,2,free,little,little,1198,6,education,bad,0.46659690928451264,Faixa 4
202009,20200914,,712,46,male,3,own,,,2476,21,car,good,0.22842977591169109,Faixa 9
202009,20200914,,713,25,male,1,own,little,little,1138,9,radio/TV,good,0.3925749848493522,Faixa 5
202009,20200914,,714,27,male,3,own,little,moderate,14027,60,car,bad,0.6338561002156748,Faixa 1
202009,20200914,,715,63,male,2,own,,,7596,30,car,good,0.2821524088337948,Faixa 7
202009,20200914,,716,40,male,2,own,,,3077,30,radio/TV,good,0.21047716110115133,Faixa 10
202009,20200914,,717,32,male,3,free,little,,1505,18,radio/TV,good,0.29541012337461336,Faixa 7
202009,20200914,,718,31,male,2,own,,rich,3148,24,radio/TV,good,0.2656814233947819,Faixa 8
202009,20200914,,719,31,male,2,own,moderate,moderate,6148,20,car,good,0.329757712353461,Faixa 6
202009,20200914,,720,34,male,3,own,little,rich,1337,9,radio/TV,bad,0.4434641554960334,Faixa 4
202009,20200914,,721,24,female,2,rent,rich,moderate,433,6,education,bad,0.45804926730503465,Faixa 4
202009,20200914,,722,24,female,1,own,little,little,1228,12,car,bad,0.5378878313386364,Faixa 3
202009,20200914,,723,66,female,1,own,quite rich,moderate,790,9,radio/TV,good,0.2789056098058273,Faixa 7
202009,20200914,,724,21,female,2,rent,little,,2570,27,car,bad,0.42082857811624097,Faixa 4
202009,20200914,,725,41,female,1,own,rich,,250,6,car,good,0.21408616624236082,Faixa 10
202009,20200914,,726,47,male,1,own,quite rich,,1316,15,radio/TV,good,0.22523635705155337,Faixa 9
202009,20200914,,727,25,female,2,rent,little,little,1882,18,radio/TV,bad,0.5724497149046797,Faixa 2
202009,20200914,,728,59,female,2,rent,little,moderate,6416,48,business,bad,0.5859086763028327,Faixa 2
202009,20200914,,729,36,male,2,own,rich,rich,1275,24,business,good,0.36773918505870584,Faixa 5
202009,20200914,,730,33,male,2,own,little,moderate,6403,24,radio/TV,good,0.41752854397949163,Faixa 4
202009,20200914,,731,21,male,1,rent,little,little,1987,24,radio/TV,bad,0.6295838194465018,Faixa 1
202009,20200914,,732,44,female,1,own,little,moderate,760,8,radio/TV,good,0.32388509725032233,Faixa 6
202009,20200914,,733,28,female,2,rent,rich,,2603,24,car,good,0.3130272141302543,Faixa 7
202009,20200914,,734,37,female,2,own,little,,3380,4,car,good,0.18662992703594966,Faixa 10
202009,20200914,,735,29,female,0,own,,moderate,3990,36,domestic appliances,good,0.34250599134627263,Faixa 6
202009,20200914,,736,23,female,3,rent,little,moderate,11560,24,car,bad,0.646032155677167,Faixa 1
202009,20200914,,737,35,male,1,own,moderate,little,4380,18,car,good,0.4478179304554042,Faixa 4
202009,20200914,,738,45,male,3,own,little,,6761,6,car,good,0.3205981771418087,Faixa 6
202009,20200914,,739,26,female,1,rent,moderate,moderate,4280,30,business,bad,0.5397969240326357,Faixa 2
202009,20200914,,740,32,male,2,own,moderate,little,2325,24,car,good,0.5249600246967169,Faixa 3
202009,20200914,,741,23,male,1,own,little,moderate,1048,10,radio/TV,good,0.41928293419808554,Faixa 4
202009,20200914,,742,41,male,2,own,,,3160,21,radio/TV,good,0.21441031401501007,Faixa 10
202009,20200914,,743,22,male,2,own,quite rich,little,2483,24,furniture/equipment,good,0.4518929428822362,Faixa 4
202009,20200914,,744,30,male,3,own,,little,14179,39,furniture/equipment,good,0.4648909033419535,Faixa 4
202009,20200914,,745,28,male,1,own,little,little,1797,13,business,good,0.4117627203538909,Faixa 4
202009,20200914,,746,23,female,2,rent,little,little,2511,15,car,good,0.42895635623128725,Faixa 4
202009,20200914,,747,37,female,1,own,little,little,1274,12,car,bad,0.5141963412182841,Faixa 3
202009,20200914,,748,26,male,2,own,,,5248,21,car,good,0.2977886948518684,Faixa 7
202009,20200914,,749,33,male,2,own,little,,3029,15,car,good,0.20063100857434513,Faixa 10
202009,20200914,,750,49,female,2,own,little,little,428,6,furniture/equipment,good,0.285862120917577,Faixa 7
202009,20200914,,751,23,female,1,own,little,little,976,18,car,bad,0.6232841526394077,Faixa 1
202009,20200914,,752,23,female,1,rent,moderate,moderate,841,12,business,good,0.5338577014529352,Faixa 3
202009,20200914,,753,25,female,2,own,little,,5771,30,radio/TV,good,0.30110463643605756,Faixa 7
202009,20200914,,754,55,male,2,free,rich,,1555,12,repairs,bad,0.2555119081028301,Faixa 8
202009,20200914,,755,32,female,2,rent,,little,1285,24,car,bad,0.5681793810755789,Faixa 2
202009,20200914,,756,74,male,0,own,little,rich,1299,6,car,good,0.22581708964634867,Faixa 9
202009,20200914,,757,39,male,2,free,,rich,1271,15,radio/TV,bad,0.4175870134209568,Faixa 4
202009,20200914,,758,31,male,2,own,little,,1393,24,car,good,0.22896812969033098,Faixa 9
202009,20200914,,759,35,male,2,own,little,little,691,12,car,bad,0.6169033135956821,Faixa 1
202009,20200914,,760,59,female,2,own,,,5045,15,car,good,0.3154093122606593,Faixa 6
202009,20200914,,761,24,female,2,rent,little,little,2124,18,furniture/equipment,bad,0.5584348122700316,Faixa 2
202009,20200914,,762,24,male,1,own,little,little,2214,12,radio/TV,good,0.4394302893204071,Faixa 4
202009,20200914,,763,30,male,3,free,,,12680,21,car,bad,0.4266708342551239,Faixa 4
202009,20200914,,764,27,male,2,own,moderate,,2463,24,car,good,0.26942630611829416,Faixa 8
202009,20200914,,765,40,male,1,own,little,moderate,1155,12,radio/TV,good,0.43485220365916255,Faixa 4
202009,20200914,,766,31,male,1,own,little,little,3108,30,furniture/equipment,bad,0.5570889761545197,Faixa 2
202009,20200914,,767,31,female,2,rent,,,2901,10,car,good,0.21944412185262022,Faixa 9
202009,20200914,,768,28,male,2,rent,little,moderate,3617,12,furniture/equipment,good,0.3588773299674348,Faixa 6
202009,20200914,,769,63,male,1,own,little,,1655,12,radio/TV,good,0.22218475678990712,Faixa 9
202009,20200914,,770,26,female,2,rent,,little,2812,24,car,good,0.44597370306581374,Faixa 4
202009,20200914,,771,25,female,3,own,little,little,8065,36,education,bad,0.5822857620993138,Faixa 2
202009,20200914,,772,36,male,3,own,little,,3275,21,car,good,0.2220179647588834,Faixa 9
202009,20200914,,773,52,male,2,own,moderate,,2223,24,radio/TV,good,0.22787229587472735,Faixa 9
202009,20200914,,774,66,male,0,free,quite rich,rich,1480,12,car,good,0.3126708608199233,Faixa 7
202009,20200914,,775,25,female,2,rent,,little,1371,24,car,bad,0.5683832222402089,Faixa 2
202009,20200914,,776,37,male,2,own,little,,3535,36,car,good,0.2510609876561151,Faixa 8
202009,20200914,,777,25,female,2,own,little,little,3509,18,radio/TV,good,0.43257667307176656,Faixa 4
202009,20200914,,778,38,male,3,own,rich,,5711,36,car,good,0.20648899173430119,Faixa 10
202009,20200914,,779,67,female,2,own,little,moderate,3872,18,repairs,good,0.32562879836940356,Faixa 6
202009,20200914,,780,25,male,2,own,little,moderate,4933,39,radio/TV,bad,0.5837080893094662,Faixa 2
202009,20200914,,781,60,male,2,own,rich,,1940,24,car,good,0.20701739353283324,Faixa 10
202009,20200914,,782,31,male,1,own,little,moderate,1410,12,education,good,0.3688831463336177,Faixa 5
202009,20200914,,783,23,female,1,own,moderate,moderate,836,12,car,bad,0.529183413296719,Faixa 3
202009,20200914,,784,60,male,3,own,,moderate,6468,20,car,good,0.3595325690643024,Faixa 6
202009,20200914,,785,35,male,1,own,rich,moderate,1941,18,business,good,0.31686817226367614,Faixa 6
202009,20200914,,786,40,male,2,own,quite rich,,2675,22,radio/TV,good,0.2319865836347615,Faixa 9
202009,20200914,,787,38,male,2,own,,,2751,48,car,good,0.2192355362875279,Faixa 10
202009,20200914,,788,50,male,2,free,little,moderate,6224,48,education,bad,0.5844137558218373,Faixa 2
202009,20200914,,789,27,male,2,own,little,little,5998,40,education,bad,0.566670819332613,Faixa 2
202009,20200914,,790,39,female,2,own,little,moderate,1188,21,business,bad,0.6128037005779832,Faixa 1
202009,20200914,,791,41,male,3,own,,,6313,24,car,good,0.2501789278824214,Faixa 8
202009,20200914,,792,27,male,2,own,,,1221,6,furniture/equipment,good,0.18890274735351625,Faixa 10
202009,20200914,,793,51,male,2,free,little,rich,2892,24,furniture/equipment,good,0.349514896301636,Faixa 6
202009,20200914,,794,32,male,2,rent,quite rich,,3062,24,furniture/equipment,good,0.2571536740530958,Faixa 8
202009,20200914,,795,22,female,2,rent,moderate,,2301,9,furniture/equipment,good,0.3197416813090989,Faixa 6
202009,20200914,,796,51,male,2,free,,little,7511,18,car,bad,0.5088439379031354,Faixa 3
202009,20200914,,797,22,female,1,rent,little,,1258,12,furniture/equipment,good,0.37734078997354387,Faixa 5
202009,20200914,,798,54,male,2,own,,,717,24,car,good,0.22163212464863435,Faixa 9
202009,20200914,,799,35,male,0,own,,moderate,1549,9,car,good,0.26559649781822986,Faixa 8
202009,20200914,,800,54,male,2,free,little,,1597,24,education,good,0.23830614146237186,Faixa 9
202009,20200914,,801,48,female,1,rent,little,moderate,1795,18,radio/TV,good,0.49704015962104114,Faixa 3
202009,20200914,,802,24,female,2,own,little,little,4272,20,furniture/equipment,good,0.5292960486926772,Faixa 3
202009,20200914,,803,35,male,2,own,,,976,12,radio/TV,good,0.20990322115840257,Faixa 10
202009,20200914,,804,24,female,0,rent,,moderate,7472,12,car,good,0.44654188670598804,Faixa 4
202009,20200914,,805,24,male,2,own,little,little,9271,36,car,bad,0.6314887808436944,Faixa 1
202009,20200914,,806,26,male,1,own,little,moderate,590,6,radio/TV,good,0.29118945243486793,Faixa 7
202009,20200914,,807,65,male,2,own,,,930,12,radio/TV,good,0.20385639532581962,Faixa 10
202009,20200914,,808,55,male,3,free,little,moderate,9283,42,car,good,0.5721080184236549,Faixa 2
202009,20200914,,809,26,female,0,rent,little,moderate,1778,15,car,bad,0.4608044493644236,Faixa 4
202009,20200914,,810,26,male,2,own,little,moderate,907,8,business,good,0.3385808671325995,Faixa 6
202009,20200914,,811,28,male,1,own,little,moderate,484,6,radio/TV,good,0.31236282562578854,Faixa 7
202009,20200914,,812,24,male,2,own,little,little,9629,36,car,bad,0.6190124160081325,Faixa 1
202009,20200914,,813,54,male,2,own,little,little,3051,48,domestic appliances,bad,0.6400070480112077,Faixa 1
202009,20200914,,814,46,male,2,free,little,little,3931,48,car,bad,0.6531102881285941,Faixa 1
202009,20200914,,815,54,female,2,rent,little,moderate,7432,36,car,good,0.485151961618745,Faixa 3
202009,20200914,,816,62,male,2,own,quite rich,,1338,6,domestic appliances,good,0.16858120225663728,Faixa 10
202009,20200914,,817,24,female,2,rent,little,,1554,6,radio/TV,good,0.24617996402922931,Faixa 8
202009,20200914,,818,43,male,3,own,little,little,15857,36,vacation/others,good,0.6010326371637178,Faixa 1
202009,20200914,,819,26,male,2,own,little,little,1345,18,radio/TV,bad,0.621110543351009,Faixa 1
202009,20200914,,820,27,male,2,own,little,,1101,12,car,good,0.2452468888771623,Faixa 8
202009,20200914,,821,24,male,2,own,little,rich,3016,12,radio/TV,good,0.27528048521860826,Faixa 7
202009,20200914,,822,41,male,2,own,little,little,2712,36,furniture/equipment,bad,0.6288591193419231,Faixa 1
202009,20200914,,823,47,male,1,own,little,little,731,8,car,good,0.3181462795498822,Faixa 6
202009,20200914,,824,35,male,3,own,little,,3780,18,furniture/equipment,good,0.23137899620778066,Faixa 9
202009,20200914,,825,30,male,2,own,little,little,1602,21,car,good,0.6153464608351117,Faixa 1
202009,20200914,,826,33,female,2,rent,little,little,3966,18,car,bad,0.5519692002469334,Faixa 2
202009,20200914,,827,36,male,2,own,little,,4165,18,business,bad,0.3956676275062789,Faixa 5
202009,20200914,,828,47,male,2,free,,little,8335,36,car,bad,0.48070382589704935,Faixa 3
202009,20200914,,829,38,male,2,free,,moderate,6681,48,business,good,0.33628811878346165,Faixa 6
202009,20200914,,830,44,male,2,own,quite rich,,2375,24,business,good,0.2840914971818425,Faixa 7
202009,20200914,,831,23,female,2,rent,little,little,1216,18,car,bad,0.6319685314133577,Faixa 1
202009,20200914,,832,29,male,2,rent,little,little,11816,45,business,bad,0.6377192867295017,Faixa 1
202009,20200914,,833,42,female,2,own,,moderate,5084,24,radio/TV,good,0.3441002812258479,Faixa 6
202009,20200914,,834,25,female,1,own,little,rich,2327,15,radio/TV,bad,0.4360501611392052,Faixa 4
202009,20200914,,835,48,male,2,own,little,little,1082,12,car,bad,0.5422903543103486,Faixa 2
202009,20200914,,836,21,female,2,own,,,886,12,radio/TV,good,0.30799162745331665,Faixa 7
202009,20200914,,837,23,female,1,rent,little,,601,4,furniture/equipment,good,0.24779882549392585,Faixa 8
202009,20200914,,838,63,male,2,own,little,little,2957,24,car,good,0.44822379044307714,Faixa 4
202009,20200914,,839,46,male,2,own,little,,2611,24,radio/TV,good,0.22154888541261666,Faixa 9
202009,20200914,,840,29,male,2,own,little,little,5179,36,furniture/equipment,bad,0.5970358421098061,Faixa 1
202009,20200914,,841,28,male,1,own,little,,2993,21,car,good,0.26910996052067626,Faixa 8
202009,20200914,,842,23,female,2,own,little,,1943,18,repairs,bad,0.3902940262002134,Faixa 5
202009,20200914,,843,50,male,2,own,little,,1559,24,business,good,0.24926177817109674,Faixa 8
202009,20200914,,844,47,male,2,own,little,,3422,18,furniture/equipment,good,0.21980938645371878,Faixa 9
202009,20200914,,845,35,male,2,own,,moderate,3976,21,furniture/equipment,good,0.294479425857229,Faixa 7
202009,20200914,,846,68,male,2,rent,,,6761,18,car,bad,0.4090397724213516,Faixa 5
202009,20200914,,847,28,male,2,own,little,,1249,24,car,good,0.24237809053815823,Faixa 9
202009,20200914,,848,59,male,2,own,little,little,1364,9,radio/TV,good,0.3520868230647236,Faixa 6
202009,20200914,,849,57,male,1,own,little,little,709,12,radio/TV,bad,0.596679825971754,Faixa 1
202009,20200914,,850,33,male,2,rent,little,little,2235,20,car,bad,0.560487132371825,Faixa 2
202009,20200914,,851,43,male,2,own,,,4042,24,car,good,0.24275968059169256,Faixa 9
202009,20200914,,852,35,male,2,free,little,,1471,15,radio/TV,good,0.24114108428957043,Faixa 9
202009,20200914,,853,32,male,1,free,little,little,1442,18,car,bad,0.6238311407324519,Faixa 1
202009,20200914,,854,45,male,2,own,little,,10875,36,car,good,0.3053749155575256,Faixa 7
202009,20200914,,855,33,male,2,own,moderate,,1474,24,car,good,0.21092691471881553,Faixa 10
202009,20200914,,856,40,female,2,own,,,894,10,education,good,0.2108801451851049,Faixa 10
202009,20200914,,857,28,male,2,free,little,,3343,15,furniture/equipment,good,0.22778537375867966,Faixa 9
202009,20200914,,858,29,female,2,own,little,little,3959,15,car,bad,0.48895890855630764,Faixa 3
202009,20200914,,859,26,male,2,rent,moderate,,3577,9,car,good,0.21493082807678673,Faixa 10
202009,20200914,,860,27,male,2,own,rich,,5804,24,car,good,0.24861108932810916,Faixa 8
202009,20200914,,861,28,male,2,own,little,,2169,18,business,bad,0.3588379067997538,Faixa 6
202009,20200914,,862,35,female,2,own,little,little,2439,24,radio/TV,bad,0.557282272126073,Faixa 2
202009,20200914,,863,32,male,1,own,rich,,4526,27,furniture/equipment,good,0.2566421279106528,Faixa 8
202009,20200914,,864,25,male,1,rent,little,,2210,10,furniture/equipment,bad,0.2935164854345199,Faixa 7
202009,20200914,,865,20,female,2,rent,quite rich,,2221,15,furniture/equipment,good,0.3215686595549467,Faixa 6
202009,20200914,,866,27,female,2,own,little,little,2389,18,radio/TV,good,0.5389218423400615,Faixa 3
202009,20200914,,867,42,male,2,own,little,,3331,12,furniture/equipment,good,0.18947432597405942,Faixa 10
202009,20200914,,868,37,male,2,own,,,7409,36,business,good,0.28025756396177526,Faixa 7
202009,20200914,,869,24,female,2,rent,little,little,652,12,furniture/equipment,good,0.6005539322332762,Faixa 1
202009,20200914,,870,40,female,2,own,quite rich,,7678,36,furniture/equipment,good,0.3283957594412341,Faixa 6
202009,20200914,,871,46,male,2,own,little,rich,1343,6,car,good,0.21564192386625708,Faixa 10
202009,20200914,,872,26,male,2,own,moderate,little,1382,24,business,good,0.6155696694882429,Faixa 1
202009,20200914,,873,24,female,2,own,,,874,15,domestic appliances,good,0.2556445059817643,Faixa 8
202009,20200914,,874,29,male,1,own,little,little,3590,12,furniture/equipment,good,0.38122460024693416,Faixa 5
202009,20200914,,875,40,female,2,own,rich,moderate,1322,11,car,good,0.3106218026385446,Faixa 7
202009,20200914,,876,36,male,3,free,little,little,1940,18,radio/TV,good,0.498094136133355,Faixa 3
202009,20200914,,877,28,male,2,own,little,,3595,36,radio/TV,good,0.2973156329977945,Faixa 7
202009,20200914,,878,27,male,3,free,little,little,1422,9,car,bad,0.5036903647091786,Faixa 3
202009,20200914,,879,36,male,2,own,,,6742,30,radio/TV,good,0.23984810946779464,Faixa 9
202009,20200914,,880,38,male,3,own,little,,7814,24,car,good,0.27180214678697007,Faixa 8
202009,20200914,,881,48,male,2,free,,,9277,24,car,good,0.34185001989784947,Faixa 6
202009,20200914,,882,36,male,2,own,,moderate,2181,30,car,good,0.3548448535722586,Faixa 6
202009,20200914,,883,65,female,0,own,little,,1098,18,radio/TV,good,0.24654456526391136,Faixa 8
202009,20200914,,884,43,male,2,own,little,moderate,4057,24,furniture/equipment,bad,0.5251028654147589,Faixa 3
202009,20200914,,885,53,female,2,own,little,little,795,12,education,bad,0.6065781772888498,Faixa 1
202009,20200914,,886,34,male,2,own,,moderate,2825,24,business,good,0.29057216380509593,Faixa 7
202009,20200914,,887,23,male,2,own,little,moderate,15672,48,business,bad,0.6311113711546954,Faixa 1
202009,20200914,,888,34,male,3,own,little,,6614,36,car,good,0.22796446812283117,Faixa 9
202009,20200914,,889,40,male,2,rent,,,7824,28,car,good,0.27568342893063985,Faixa 7
202009,20200914,,890,43,male,3,own,little,little,2442,27,business,good,0.5147741842006289,Faixa 3
202009,20200914,,891,46,male,2,own,little,,1829,15,radio/TV,good,0.21845194735420856,Faixa 10
202009,20200914,,892,38,male,1,own,little,little,2171,12,car,good,0.39471440630188753,Faixa 5
202009,20200914,,893,34,male,2,own,little,moderate,5800,36,car,good,0.45843856729149024,Faixa 4
202009,20200914,,894,29,male,2,own,,,1169,18,radio/TV,good,0.2352484974167016,Faixa 9
202009,20200914,,895,31,male,3,own,,,8947,36,car,good,0.28194726904864387,Faixa 7
202009,20200914,,896,28,female,3,rent,little,little,2606,21,radio/TV,good,0.49846183554158935,Faixa 3
202009,20200914,,897,35,female,2,own,rich,,1592,12,furniture/equipment,good,0.2142388280253206,Faixa 10
202009,20200914,,898,33,female,1,rent,,,2186,15,furniture/equipment,good,0.23974681452921556,Faixa 9
202009,20200914,,899,42,male,2,own,little,little,4153,18,furniture/equipment,bad,0.5304254430535115,Faixa 3
202009,20200914,,900,43,male,2,rent,little,little,2625,16,car,bad,0.5830384107744054,Faixa 2
202009,20200914,,901,44,male,2,own,,,3485,20,car,good,0.19840118364108245,Faixa 10
202009,20200914,,902,42,male,2,free,,,10477,36,car,good,0.293242813600572,Faixa 7
202009,20200914,,903,40,male,2,rent,,,1386,15,radio/TV,good,0.22306661596236227,Faixa 9
202009,20200914,,904,36,male,3,own,little,,1278,24,radio/TV,good,0.23047825436806485,Faixa 9
202009,20200914,,905,20,male,3,rent,little,little,1107,12,radio/TV,good,0.4948594912556712,Faixa 3
202009,20200914,,906,24,male,1,own,,little,3763,21,car,good,0.36337853632116396,Faixa 5
202009,20200914,,907,27,male,2,own,,moderate,3711,36,education,good,0.28992812353637576,Faixa 7
202009,20200914,,908,46,female,1,own,little,,3594,15,car,good,0.20079027491523707,Faixa 10
202009,20200914,,909,33,female,1,own,,moderate,3195,9,car,good,0.3169068497477661,Faixa 6
202009,20200914,,910,34,female,2,own,little,,4454,36,radio/TV,good,0.3181970124799759,Faixa 6
202009,20200914,,911,25,female,1,own,little,moderate,4736,24,furniture/equipment,bad,0.53994182774572,Faixa 2
202009,20200914,,912,25,female,2,own,,moderate,2991,30,radio/TV,good,0.3632241578269888,Faixa 5
202009,20200914,,913,28,male,2,own,rich,,2142,11,business,good,0.23829486081687415,Faixa 9
202009,20200914,,914,31,male,2,rent,little,little,3161,24,business,bad,0.5799944449176229,Faixa 2
202009,20200914,,915,32,female,3,own,little,moderate,18424,48,vacation/others,bad,0.6185095272235008,Faixa 1
202009,20200914,,916,32,male,2,own,moderate,,2848,10,car,good,0.1898752809784511,Faixa 10
202009,20200914,,917,68,male,3,own,little,little,14896,6,car,bad,0.5204884684482358,Faixa 3
202009,20200914,,918,33,male,2,own,moderate,little,2359,24,furniture/equipment,bad,0.5288671268602516,Faixa 3
202009,20200914,,919,39,male,3,rent,little,little,3345,24,furniture/equipment,bad,0.5391215479585896,Faixa 2
202009,20200914,,920,28,female,2,own,little,,1817,18,furniture/equipment,good,0.3621297117925312,Faixa 5
202009,20200914,,921,37,male,3,own,quite rich,,12749,48,radio/TV,good,0.2882103402941241,Faixa 7
202009,20200914,,922,22,female,2,rent,little,little,1366,9,radio/TV,bad,0.4897037864656868,Faixa 3
202009,20200914,,923,30,male,2,rent,little,moderate,2002,12,car,good,0.4146241510022534,Faixa 4
202009,20200914,,924,55,male,2,own,little,little,6872,24,furniture/equipment,bad,0.4939971076343005,Faixa 3
202009,20200914,,925,46,male,2,own,little,little,697,12,car,bad,0.6134094633746691,Faixa 1
202009,20200914,,926,21,female,2,rent,little,little,1049,18,furniture/equipment,good,0.6216642699075818,Faixa 1
202009,20200914,,927,39,male,2,free,little,little,10297,48,car,bad,0.6240968037119193,Faixa 1
202009,20200914,,928,58,male,2,own,,,1867,30,radio/TV,good,0.20559283718146634,Faixa 10
202009,20200914,,929,43,male,1,own,little,little,1344,12,car,good,0.45029192405475466,Faixa 4
202009,20200914,,930,24,male,1,own,little,little,1747,24,furniture/equipment,good,0.6231147835685331,Faixa 1
202009,20200914,,931,22,female,2,own,little,moderate,1670,9,radio/TV,bad,0.49194253170774216,Faixa 3
202009,20200914,,932,30,male,2,own,little,,1224,9,car,good,0.2248044881261985,Faixa 9
202009,20200914,,933,42,male,2,own,quite rich,,522,12,radio/TV,good,0.2591621913722464,Faixa 8
202009,20200914,,934,23,female,2,own,little,little,1498,12,radio/TV,good,0.4334546897253187,Faixa 4
202009,20200914,,935,30,male,3,own,moderate,moderate,1919,30,radio/TV,bad,0.5548592738327359,Faixa 2
202009,20200914,,936,28,female,1,own,little,rich,745,9,radio/TV,bad,0.570838499778248,Faixa 2
202009,20200914,,937,30,male,3,rent,little,moderate,2063,6,radio/TV,good,0.32860085357277163,Faixa 6
202009,20200914,,938,42,male,2,free,little,moderate,6288,60,education,bad,0.6165688690378937,Faixa 1
202009,20200914,,939,46,male,3,own,,,6842,24,car,good,0.26632359097356617,Faixa 8
202009,20200914,,940,45,male,3,own,,,3527,12,car,good,0.1817267686570354,Faixa 10
202009,20200914,,941,31,male,1,own,little,,1546,10,car,good,0.23757436742279128,Faixa 9
202009,20200914,,942,31,male,2,own,,,929,24,furniture/equipment,good,0.2351638984298734,Faixa 9
202009,20200914,,943,42,male,1,own,little,,1455,4,car,good,0.1868173964631072,Faixa 10
202009,20200914,,944,46,female,2,rent,little,little,1845,15,furniture/equipment,good,0.3998993593046887,Faixa 5
202009,20200914,,945,30,female,2,own,quite rich,moderate,8358,48,car,good,0.4596619051222985,Faixa 4
202009,20200914,,946,30,male,2,free,quite rich,little,3349,24,furniture/equipment,bad,0.47435783307044793,Faixa 3
202009,20200914,,947,38,male,3,own,,,2859,12,car,good,0.18847821708493884,Faixa 10
202009,20200914,,948,43,male,1,own,little,,1533,18,furniture/equipment,bad,0.32970127155434864,Faixa 6
202009,20200914,,949,31,male,2,own,moderate,,3621,24,radio/TV,bad,0.23218619532084253,Faixa 9
202009,20200914,,950,40,male,0,own,little,moderate,3590,18,business,good,0.3436825678214828,Faixa 6
202009,20200914,,951,24,male,2,own,little,little,2145,36,business,bad,0.644066854576405,Faixa 1
202009,20200914,,952,28,female,2,rent,quite rich,moderate,4113,24,car,bad,0.47856906920103626,Faixa 3
202009,20200914,,953,26,female,3,own,little,,10974,36,furniture/equipment,bad,0.4885357285608577,Faixa 3
202009,20200914,,954,29,female,2,own,little,little,1893,12,car,good,0.463606771152797,Faixa 4
202009,20200914,,955,57,female,3,rent,rich,little,1231,24,radio/TV,good,0.4698904854472771,Faixa 3
202009,20200914,,956,49,male,1,own,,rich,3656,30,radio/TV,good,0.21907376132485018,Faixa 10
202009,20200914,,957,37,male,1,own,little,moderate,1154,9,radio/TV,good,0.2940922128077343,Faixa 7
202009,20200914,,958,45,male,1,own,little,little,4006,28,car,bad,0.5758923539753994,Faixa 2
202009,20200914,,959,30,male,2,free,moderate,moderate,3069,24,furniture/equipment,good,0.46293099295863493,Faixa 4
202009,20200914,,960,30,male,2,rent,little,,1740,6,radio/TV,good,0.18909756800325947,Faixa 10
202009,20200914,,961,47,male,2,own,little,moderate,2353,21,car,good,0.39982149602629663,Faixa 5
202009,20200914,,962,29,male,2,own,,,3556,15,car,good,0.2004703889698325,Faixa 10
202009,20200914,,963,35,male,2,own,quite rich,,2397,24,radio/TV,bad,0.25739367561021315,Faixa 8
202009,20200914,,964,22,male,1,own,little,moderate,454,6,repairs,good,0.3192332238353946,Faixa 6
202009,20200914,,965,26,female,2,own,,moderate,1715,30,radio/TV,good,0.40830099262503067,Faixa 5
202009,20200914,,966,23,male,1,own,quite rich,moderate,2520,27,radio/TV,bad,0.4410679890885529,Faixa 4
202009,20200914,,967,54,female,3,rent,little,,3568,15,radio/TV,good,0.22469845387204382,Faixa 9
202009,20200914,,968,29,male,2,rent,,,7166,42,radio/TV,good,0.2693668523107482,Faixa 8
202009,20200914,,969,40,male,1,own,little,little,3939,11,car,good,0.3054573884474383,Faixa 7
202009,20200914,,970,22,male,2,own,moderate,moderate,1514,15,repairs,good,0.3895034721943301,Faixa 5
202009,20200914,,971,43,male,1,own,little,,7393,24,car,good,0.2798579590842839,Faixa 7
202009,20200914,,972,29,female,0,rent,little,little,1193,24,car,bad,0.6422089004741693,Faixa 1
202009,20200914,,973,36,male,2,rent,little,little,7297,60,business,bad,0.6109909554628025,Faixa 1
202009,20200914,,974,33,female,2,own,little,,2831,30,radio/TV,good,0.26618349458134893,Faixa 8
202009,20200914,,975,57,female,1,own,quite rich,rich,1258,24,radio/TV,good,0.3607932609116773,Faixa 6
202009,20200914,,976,64,female,2,own,little,moderate,753,6,radio/TV,good,0.28110097613156615,Faixa 7
202009,20200914,,977,42,male,2,own,,moderate,2427,18,business,good,0.2943774764730108,Faixa 7
202009,20200914,,978,47,male,1,own,little,,2538,24,car,bad,0.2707788728600361,Faixa 8
202009,20200914,,979,25,male,2,rent,moderate,moderate,1264,15,car,bad,0.5244875633563706,Faixa 3
202009,20200914,,980,49,male,2,own,little,moderate,8386,30,furniture/equipment,bad,0.5810864766915108,Faixa 2
202009,20200914,,981,33,male,3,rent,little,,4844,48,business,bad,0.437511938628761,Faixa 4
202009,20200914,,982,28,female,3,own,moderate,rich,2923,21,car,good,0.3017497515131413,Faixa 7
202009,20200914,,983,26,male,2,own,little,little,8229,36,car,bad,0.6161132779146231,Faixa 1
202009,20200914,,984,30,male,1,own,little,,2028,24,furniture/equipment,good,0.2569141754954068,Faixa 8
202009,20200914,,985,25,female,2,rent,little,little,1433,15,furniture/equipment,good,0.4557659902092455,Faixa 4
202009,20200914,,986,33,male,2,own,little,rich,6289,42,business,good,0.40882626233499914,Faixa 5
202009,20200914,,987,64,female,2,own,moderate,,1409,13,radio/TV,good,0.21567231152981153,Faixa 10
202009,20200914,,988,29,male,3,free,little,little,6579,24,car,good,0.47526390480162833,Faixa 3
202009,20200914,,989,48,male,1,own,little,moderate,1743,24,radio/TV,good,0.5232222557341315,Faixa 3
202009,20200914,,990,37,male,1,own,,,3565,12,education,good,0.18436078854335697,Faixa 10
202009,20200914,,991,34,male,1,own,moderate,,1569,15,radio/TV,good,0.2393126756764768,Faixa 9
202009,20200914,,992,23,male,1,rent,,little,1936,18,radio/TV,good,0.4447964198790605,Faixa 4
202009,20200914,,993,30,male,3,own,little,little,3959,36,furniture/equipment,good,0.5230086362750193,Faixa 3
202009,20200914,,994,50,male,2,own,,,2390,12,car,good,0.1848623500707304,Faixa 10
202009,20200914,,995,31,female,1,own,little,,1736,12,furniture/equipment,good,0.2606526466680713,Faixa 8
202009,20200914,,996,40,male,3,own,little,little,3857,30,car,good,0.5027613477485866,Faixa 3
202009,20200914,,997,38,male,2,own,little,,804,12,radio/TV,good,0.2443912587831912,Faixa 9
202009,20200914,,998,23,male,2,free,little,little,1845,45,radio/TV,bad,0.6515168552935344,Faixa 1
202009,20200914,,999,27,male,2,own,moderate,moderate,4576,45,car,good,0.5206639391483565,Faixa 3
